"store_code","store_name","branch_code","branch_name","fc_code","flagroute","mds_name","latitude","longitude","tipe_toko","","","",""
"1V01","A YANI 2 LAMTENG [AY2L]","1VZ1","METRO","1VZ1","1V93","AHMAD GHOZALI","-4.935803","105.20196","AC 10P COKE","","1V01,1VZ1,1V93","",""
"1V02","YUKUM JAYA 3 [YJA3]","1VZ1","METRO","1VZ1","1V93","AHMAD GHOZALI","-4.90187","105.21142","AC 10P COKE","","1V02,1VZ1,1V93","",""
"1V05","SUKADANA TENGAH","1VZ1","METRO","1VZ1","L086","AHMAD GHOZALI","-5.093819","105.593169","","","1V05,1VZ1,L086","",""
"1V11","KOTA GAJAH 4 [KTG4]","1VZ1","METRO","1VZ1","1V93","AHMAD GHOZALI","-4.981533","105.313744","AC 10P COKE","","1V11,1VZ1,1V93","",""
"1V15","PANGGUNGAN [PNGAN]","1VZ1","METRO","1VZ1","1V93","AHMAD GHOZALI","-5.005543","105.208317","AU 10P COKE","","1V15,1VZ1,1V93","",""
"1V21","SEPUTIH JAYA [SPJY]","1VZ1","METRO","1VZ1","1V93","AHMAD GHOZALI","-4.958068","105.215857","AU 10P COKE","","1V21,1VZ1,1V93","",""
"1V23","SEPUTIH RAMAN 2 [SPRM2]","1VZ1","METRO","1VZ1","1V93","AHMAD GHOZALI","-4.891966","105.389435","","","1V23,1VZ1,1V93","",""
"1V27","DONO ARUM [DOAM]","1VZ1","METRO","1VZ1","1V93","AHMAD GHOZALI","-4.94035","105.14085","AU 10P COKE","","1V27,1VZ1,1V93","",""
"1V35","PUNGGUR [PGGR]","1VZ1","METRO","1VZ1","1V93","AHMAD GHOZALI","-5.026901","105.264362","","","1V35,1VZ1,1V93","",""
"1V53","RAMA INDERA [RAIRA]","1VZ1","METRO","1VZ1","1V93","AHMAD GHOZALI","-4.930248","105.345938","","","1V53,1VZ1,1V93","",""
"1V55","SPBU SEPUTIH BANYAK/F [SPBUSB]","1VZ1","METRO","1VZ1","1V93","AHMAD GHOZALI","-4.863478","105.413628","","","1V55,1VZ1,1V93","",""
"1V58","TEMPURAN [TMPR]","1VZ1","METRO","1VZ1","1V93","AHMAD GHOZALI","-5.123243","105.275469","AU 10P COKE","","1V58,1VZ1,1V93","",""
"1V59","BEKRI [BKRI]","1VZ1","METRO","1VZ1","1V93","AHMAD GHOZALI","-5.101438","105.160599","","","1V59,1VZ1,1V93","",""
"1V61","DR. SUTOMO 2 METRO [DST2M]","1VZ1","METRO","1VZ1","1V93","AHMAD GHOZALI","-5.093779","105.302155","AU 10P COKE","","1V61,1VZ1,1V93","",""
"1V85","IMAM BONJOL 2 METRO/F [IB2M]","1VZ1","METRO","1VZ1","1V93","AHMAD GHOZALI","-5.109233","105.302824","AU 8P COKE","","1V85,1VZ1,1V93","",""
"1V88","SOEKARNO HATTA 3 MTR/F [SH3M]","1VZ1","METRO","1VZ1","1V93","AHMAD GHOZALI","-5.136672","105.303117","AU 10P COKE","","1V88,1VZ1,1V93","",""
"1V93","JENSUD METRO [JSMT]","1VZ1","METRO","1VZ1","1V93","AHMAD GHOZALI","-5.114330","105.299661","AC 10P COKE","","1V93,1VZ1,1V93","",""
"1V96","IRING MULYO [IRMO]","1VZ1","METRO","1VZ1","1V93","AHMAD GHOZALI","-5.118639","105.324053","AU 10P COKE","","1V96,1VZ1,1V93","",""
"1V99","ADIREJO [ADJO]","1VZ1","METRO","1VZ1","1V93","AHMAD GHOZALI","-5.091821","105.344962","AC 10P COKE","","1V99,1VZ1,1V93","",""
"1VD6","AA MART/F [AMRT]","1VZ1","METRO","1VZ1","1V93","AHMAD GHOZALI","-5.096057","105.190775","AU 8P NON COKE","","1VD6,1VZ1,1V93","",""
"1VD7","BUDI UTOMO [BDTM]","1VZ1","METRO","1VZ1","1V93","AHMAD GHOZALI","-5.138517","105.303573","AU 10P COKE","","1VD7,1VZ1,1V93","",""
"1VK8","KSB SIDOREJO/F [KSSJ]","1VZ1","METRO","1VZ1","1V93","AHMAD GHOZALI","-5.297703","105.609775","","","1VK8,1VZ1,1V93","",""
"1VL1","MATARAM MARGA [MRMG]","1VZ1","METRO","1VZ1","1V93","AHMAD GHOZALI","-5.075636","105.525722","","","1VL1,1VZ1,1V93","",""
"1VL8","PURWOSARI/F [PUSR]","1VZ1","METRO","1VZ1","1V93","AHMAD GHOZALI","-5.090025","105.291369","AU 10P COKE","","1VL8,1VZ1,1V93","",""
"1VM8","PURWOASRI METRO [PWAI]","1VZ1","METRO","1VZ1","1V93","AHMAD GHOZALI","-5.073831","105.313003","AC 10P COKE","","1VM8,1VZ1,1V93","",""
"1VM9","SUTAN SYAHRIR METRO [SSYR]","1VZ1","METRO","1VZ1","1V93","AHMAD GHOZALI","-5.135733","105.308816","AC 10P COKE","","1VM9,1VZ1,1V93","",""
"1VN6","SUKADANA 2/F [SUKN]","1VZ1","METRO","1VZ1","1V93","AHMAD GHOZALI","-5.062071","105.548700","","","1VN6,1VZ1,1V93","",""
"1VN8","YOS SUDARSO 2 METRO [YSSM]","1VZ1","METRO","1VZ1","1V93","AHMAD GHOZALI","-5.122409","105.301732","","","1VN8,1VZ1,1V93","",""
"1VO4","KSB MASJID ISTIQLAL/F [KMJI]","1VZ1","METRO","1VZ1","1V93","AHMAD GHOZALI","-4.935075","105.212044","AC 10P COKE","","1VO4,1VZ1,1V93","",""
"1VR2","KSO FF MART/F [KSFM]","1VZ1","METRO","1VZ1","1V93","AHMAD GHOZALI","-4.8831472","105.2210822","AC 12P COKE","","1VR2,1VZ1,1V93","",""
"1VR5","RAYA SUKOHARJO/F [RYSU]","1VZ1","METRO","1VZ1","1V93","AHMAD GHOZALI","-5.300245","104.982097","AC 10P COKE","","1VR5,1VZ1,1V93","",""
"1VS1","KSO YOGI MART/F [KSYM]","1VZ1","METRO","1VZ1","1V93","AHMAD GHOZALI","-4.920397","105.212793","AC 10P COKE","","1VS1,1VZ1,1V93","",""
"1VU3","VETERAN METRO/F [VTRO]","1VZ1","METRO","1VZ1","1V93","AHMAD GHOZALI","-5.107091","105.293535","AC 10P COKE","","1VU3,1VZ1,1V93","",""
"1VU4","KSO SPBU TEJOAGUNG/F [KPTJ]","1VZ1","METRO","1VZ1","1V93","AHMAD GHOZALI","-5.124464","105.321735","AC 10P COKE","","1VU4,1VZ1,1V93","",""
"1VU9","RAYA SEKAMPUNG [RSKU]","1VZ1","METRO","1VZ1","1V93","AHMAD GHOZALI","-5.133684","105.410091","","","1VU9,1VZ1,1V93","",""
"1VV8","BANJAR REJO/F [BANRE]","1VZ1","METRO","1VZ1","1V93","AHMAD GHOZALI","-5.119171","105.334847","AC 10P COKE","","1VV8,1VZ1,1V93","",""
"1VV9","LINTAS GANJAR AGUNG/F [LAJAR]","1VZ1","METRO","1VZ1","1V93","AHMAD GHOZALI","-5.139826","105.278834","AC 10P COKE","","1VV9,1VZ1,1V93","",""
"1VW4","PURWOSARI LAMTIM [PWLA]","1VZ1","METRO","1VZ1","1V93","AHMAD GHOZALI","-4.984286","105.331762","","","1VW4,1VZ1,1V93","",""
"1VX8","REJO BASUKI","1VZ1","METRO","1VZ1","1V93","AHMAD GHOZALI","-4.961421","105.332216","","","1VX8,1VZ1,1V93","",""
"1VY3","LINTAS TEMPURAN","1VZ1","METRO","1VZ1","1V93","AHMAD GHOZALI","-5.139861","105.270513","AC 10P COKE","","1VY3,1VZ1,1V93","",""
"L003","PROKLAMATOR [L_PLR]","1VZ1","METRO","1VZ1","L609","AHMAD GHOZALI","-4.93689","105.21238","AU 8P COKE","","L003,1VZ1,L609","",""
"L023","SUKARSO LAMPUNG [L_SKRO]","1VZ1","METRO","1VZ1","L609","AHMAD GHOZALI","-5.112260","105.305882","AU 10P COKE","","L023,1VZ1,L609","",""
"L024","A. YANI METRO [L_AYMT]","1VZ1","METRO","1VZ1","L609","AHMAD GHOZALI","-5.119395","105.319416","AU 10P COKE","","L024,1VZ1,L609","",""
"L025","RAYA PUNGGUR [L_RYPR]","1VZ1","METRO","1VZ1","L609","AHMAD GHOZALI","-5.039059","105.275223","AC 10P COKE","","L025,1VZ1,L609","",""
"L026","AH. NASUTION [L_AHN]","1VZ1","METRO","1VZ1","L609","AHMAD GHOZALI","-5.105552","105.333017","AC 10P COKE","","L026,1VZ1,L609","",""
"L028","IMAM BONJOL [L_IMBL]","1VZ1","METRO","1VZ1","L609","AHMAD GHOZALI","-5.104724","105.298882","AC 10P COKE","","L028,1VZ1,L609","",""
"L037","GANJAR AGUNG [L_GJA]","1VZ1","METRO","1VZ1","L609","AHMAD GHOZALI","-5.129261","105.284366","AU 10P COKE","","L037,1VZ1,L609","",""
"L039","A. YANI 2 LAMPUNG [L_AYI2]","1VZ1","METRO","1VZ1","L609","AHMAD GHOZALI","-4.933817","105.210244","AU 10P COKE","","L039,1VZ1,L609","",""
"L040","PATIMURA LAMPUNG [L_PTMR]","1VZ1","METRO","1VZ1","L609","AHMAD GHOZALI","-5.094682","105.283873","AU 10P COKE","","L040,1VZ1,L609","",""
"L041","SOEKARNO HATTA - LPG [L_SRHT]","1VZ1","METRO","1VZ1","L609","AHMAD GHOZALI","-5.138111","105.296855","AU 10P COKE","","L041,1VZ1,L609","",""
"L047","JL.RIYACHUDU - LPG [L_RHU]","1VZ1","METRO","1VZ1","1V93","AHMAD GHOZALI","-5.117646","105.303700","AU 10P COKE","","L047,1VZ1,1V93","",""
"L051","PEKALONGAN LPG [PKLN]","1VZ1","METRO","1VZ1","L609","AHMAD GHOZALI","-5.082985","105.359347","AU 8P COKE","","L051,1VZ1,L609","",""
"L052","RADEN INTAN LPG [RDIN]","1VZ1","METRO","1VZ1","L609","AHMAD GHOZALI","-5.110946","105.310406","AU 8P COKE","","L052,1VZ1,L609","",""
"L054","KOTA GAJAH LPG [KGJH]","1VZ1","METRO","1VZ1","L609","AHMAD GHOZALI","-4.979074","105.325669","AU 10P COKE","","L054,1VZ1,L609","",""
"L058","BATANGHARI LPG [BTHR]","1VZ1","METRO","1VZ1","L609","AHMAD GHOZALI","-5.139759","105.374599","AC 10P COKE","","L058,1VZ1,L609","",""
"L059","PUGUNG RAHARJO [PGRO]","1VZ1","METRO","1VZ1","L609","AHMAD GHOZALI","-5.299036","105.561541","","","L059,1VZ1,L609","",""
"L061","SEPUTIH RAHMAN [SPRN]","1VZ1","METRO","1VZ1","L609","AHMAD GHOZALI","-4.918110","105.363155","","","L061,1VZ1,L609","",""
"L065","WAY JEPARA [WJR]","1VZ1","METRO","1VZ1","L609","AHMAD GHOZALI","-5.172543","105.702782","","","L065,1VZ1,L609","",""
"L067","MARGOTOTO [MGTT]","1VZ1","METRO","1VZ1","L609","AHMAD GHOZALI","-5.187341","105.316034","AC 10P COKE","","L067,1VZ1,L609","",""
"L072","SIMPANG RANDU [SPRU]","1VZ1","METRO","1VZ1","L609","AHMAD GHOZALI","-4.829974","105.490087","","","L072,1VZ1,L609","",""
"L075","JL. JEMB. SERONG [JBSR]","1VZ1","METRO","1VZ1","L609","AHMAD GHOZALI","-5.135020","105.467407","","","L075,1VZ1,L609","",""
"L079","ADILUWIH TANGGAMUS [ALWH]","1VZ1","METRO","1VZ1","L609","AHMAD GHOZALI","-5.218694","105.032592","","","L079,1VZ1,L609","",""
"L082","KOTA GAJAH 2 [KGH2]","1VZ1","METRO","1VZ1","L609","AHMAD GHOZALI","-4.979227","105.323538","AU 10P COKE","","L082,1VZ1,L609","",""
"L085","RY SEPUTIH BANYAK [RSB]","1VZ1","METRO","1VZ1","L609","AHMAD GHOZALI","-4.844899","105.448032","","","L085,1VZ1,L609","",""
"L086","PSR TRIDATU [PSDT]","1VZ1","METRO","1VZ1","L609","AHMAD GHOZALI","-5.104918","105.658256","","","L086,1VZ1,L609","",""
"L094","RY. TEGINENENG [RTNG]","1VZ1","METRO","1VZ1","L609","AHMAD GHOZALI","-5.192145","105.177142","AC 10P COKE","","L094,1VZ1,L609","",""
"L095","BANDUNG BARU [BDBR]","1VZ1","METRO","1VZ1","L609","AHMAD GHOZALI","-5.265360","104.980267","","","L095,1VZ1,L609","",""
"L100","KOTA GAJAH 3/F [KGH3]","1VZ1","METRO","1VZ1","L609","AHMAD GHOZALI","-4.978416","105.324166","AU 8P COKE","","L100,1VZ1,L609","",""
"L106","PASAR SIDOREJO [PSSO]","1VZ1","METRO","1VZ1","L609","AHMAD GHOZALI","-5.297361","105.613434","","","L106,1VZ1,L609","",""
"L107","GUNUNG SUGIH [GNSH]","1VZ1","METRO","1VZ1","L609","AHMAD GHOZALI","-4.975347","105.213781","AU 10P COKE","","L107,1VZ1,L609","",""
"L112","MENGANDUNG SARI [MGSI]","1VZ1","METRO","1VZ1","L609","AHMAD GHOZALI","-5.255884","105.522607","","","L112,1VZ1,L609","",""
"L113","NEGERI KATON [NGKN]","1VZ1","METRO","1VZ1","L609","AHMAD GHOZALI","-5.161444","105.508791","","","L113,1VZ1,L609","",""
"L114","YUKUM JAYA [YMJY]","1VZ1","METRO","1VZ1","L609","AHMAD GHOZALI","-4.927639","105.212268","AU 10P COKE","","L114,1VZ1,L609","",""
"L119","YUKUM JAYA 2 [YJY2]","1VZ1","METRO","1VZ1","L609","AHMAD GHOZALI","-4.90708","105.21132","","","L119,1VZ1,L609","",""
"L141","METRO WATES [MWTS]","1VZ1","METRO","1VZ1","L609","AHMAD GHOZALI","-5.097448","105.246393","","","L141,1VZ1,L609","",""
"L178","RAYA WATES [RYWS]","1VZ1","METRO","1VZ1","L609","AHMAD GHOZALI","-5.099018","105.189729","AU 10P COKE","","L178,1VZ1,L609","",""
"L190","SIMPANG AGUNG [SPAG]","1VZ1","METRO","1VZ1","L609","AHMAD GHOZALI","-4.947501","105.154731","AU 10P COKE","","L190,1VZ1,L609","",""
"L252","GOTONG ROYONG [GTRG]","1VZ1","METRO","1VZ1","L609","AHMAD GHOZALI","-5.042064","105.200568","AU 10P COKE","","L252,1VZ1,L609","",""
"L276","SIMBAR WARINGIN/F [SBWG]","1VZ1","METRO","1VZ1","L609","AHMAD GHOZALI","-5.138087","105.248377","AU 8P COKE","","L276,1VZ1,L609","",""
"L282","A YANI PONCOWATI [AYPC]","1VZ1","METRO","1VZ1","L609","AHMAD GHOZALI","-4.89894","105.20227","AU 10P COKE","","L282,1VZ1,L609","",""
"L289","DR SUTOMO METRO [DRSM]","1VZ1","METRO","1VZ1","L609","AHMAD GHOZALI","-5.086324","105.299259","AC 10P COKE","","L289,1VZ1,L609","",""
"L291","DIPONEGORO METRO [DPGM]","1VZ1","METRO","1VZ1","L609","AHMAD GHOZALI","-5.103824","105.305828","AU 10P COKE","","L291,1VZ1,L609","",""
"L292","YOS SUDARSO METRO [YSRM]","1VZ1","METRO","1VZ1","L609","AHMAD GHOZALI","-5.122325","105.301877","AU 10P COKE","","L292,1VZ1,L609","",""
"L295","MERDEKA WAY JEPARA [MKWJ]","1VZ1","METRO","1VZ1","L609","AHMAD GHOZALI","-5.176431","105.704563","","","L295,1VZ1,L609","",""
"L335","A YANI 2 METRO [AY2M]","1VZ1","METRO","1VZ1","L609","AHMAD GHOZALI","-5.124177","105.321768","AC 10P COKE","","L335,1VZ1,L609","",""
"L386","WAY JEPARA 3 [WYJ3]","1VZ1","METRO","1VZ1","L609","AHMAD GHOZALI","-5.174562","105.696455","","","L386,1VZ1,L609","",""
"L388","SEKAMPUNG [SKPG]","1VZ1","METRO","1VZ1","L609","AHMAD GHOZALI","-5.132808","105.434157","","","L388,1VZ1,L609","",""
"L428","JEN-SUD BANDAR JAYA [JSBJ]","1VZ1","METRO","1VZ1","L609","AHMAD GHOZALI","-4.933825","105.217183","AC 10P COKE","","L428,1VZ1,L609","",""
"L446","WOLTER MONGINSIDIMTR [WMTR]","1VZ1","METRO","1VZ1","L609","AHMAD GHOZALI","-5.103737","105.320242","AU 10P COKE","","L446,1VZ1,L609","",""
"L473","PAKUAN AJI ( FRC )/F [PKA1]","1VZ1","METRO","1VZ1","L609","AHMAD GHOZALI","-5.118378","105.624949","","","L473,1VZ1,L609","",""
"L480","BATANG HARI 2 [BTH2]","1VZ1","METRO","1VZ1","L609","AHMAD GHOZALI","-5.135994","105.337597","AU 8P COKE","","L480,1VZ1,L609","",""
"L481","WAY JEPARA 5 [WJP5]","1VZ1","METRO","1VZ1","L609","AHMAD GHOZALI","-5.161475","105.704949","","","L481,1VZ1,L609","",""
"L487","PUJOKERTO FRC/F [PJKF]","1VZ1","METRO","1VZ1","L609","AHMAD GHOZALI","-5.077609","105.258828","","","L487,1VZ1,L609","",""
"L500","SUKADANA LAMTIM [SKL1]","1VZ1","METRO","1VZ1","L609","AHMAD GHOZALI","-5.128248","105.282825","","","L500,1VZ1,L609","",""
"L525","AH. NASUTION FRC/F [AHNF]","1VZ1","METRO","1VZ1","L609","AHMAD GHOZALI","-5.113844","105.316036","AU 10P COKE","","L525,1VZ1,L609","",""
"L543","IR. SUTAMI [IRS1]","1VZ1","METRO","1VZ1","L609","AHMAD GHOZALI","-5.306873","105.546472","","","L543,1VZ1,L609","",""
"L549","SOEKARNO HATTA 2 MTR [SH2M]","1VZ1","METRO","1VZ1","L609","AHMAD GHOZALI","-5.133484","105.291513","AU 10P COKE","","L549,1VZ1,L609","",""
"L553","ALAMSYAH RPN 2 MTR [AR2M]","1VZ1","METRO","1VZ1","L609","AHMAD GHOZALI","-5.135189","105.306225","AU 10P COKE","","L553,1VZ1,L609","",""
"L559","JL. KESEHATAN FRC/F [JKST]","1VZ1","METRO","1VZ1","L609","AHMAD GHOZALI","-5.299593","104.983660","","","L559,1VZ1,L609","",""
"L564","ALAMSYAH RPN METRO/F [AHRM]","1VZ1","METRO","1VZ1","L609","AHMAD GHOZALI","-5.118238","105.307430","","","L564,1VZ1,L609","",""
"L579","A. YANI 3 METRO FRC/F [A3MT]","1VZ1","METRO","1VZ1","L609","AHMAD GHOZALI","-5.120616","105.321689","AU 10P COKE","","L579,1VZ1,L609","",""
"L609","WARINGIN SARI [WRSI]","1VZ1","METRO","1VZ1","L609","AHMAD GHOZALI","-5.276806","104.983240","","","L609,1VZ1,L609","",""
"L631","PANDAN SURAT [PDS1]","1VZ1","METRO","1VZ1","L609","AHMAD GHOZALI","-5.302241","105.006477","AU 8P NON COKE","","L631,1VZ1,L609","",""
"L672","SUKOHARJO I [SKHO]","1VZ1","METRO","1VZ1","L609","AHMAD GHOZALI","-5.311844","104.980052","","","L672,1VZ1,L609","",""
"L720","KSB BANGUN SARI/F [KSBB]","1VZ1","METRO","1VZ1","L609","AHMAD GHOZALI","-5.205859","105.081728","","","L720,1VZ1,L609","",""
"L728","KSB TRIMULYO/F [KS0M]","1VZ1","METRO","1VZ1","L609","AHMAD GHOZALI","-5.175924","105.117780","","","L728,1VZ1,L609","",""
"1Y01","SARONGSONG I [SRO1]","1YZ1","MANADO","1YZ1","1Y14","YOHANDI","1.424461721","124.9791668","AC 10P COKE","","1Y01,1YZ1,1Y14","",""
"1Y04","MANEMBO NEMBO TENGAH [MNOT]","1YZ1","MANADO","1YZ1","1Y14","YOHANDI","1.4350627","125.1186890","AU 10P COKE","","1Y04,1YZ1,1Y14","",""
"1Y05","MAUMBI MINUT [MANU]","1YZ1","MANADO","1YZ1","1Y14","YOHANDI","1.4806577","124.9046161","AU 12P COKE","","1Y05,1YZ1,1Y14","",""
"1Y06","PIERE TENDEAN [PIET]","1YZ1","MANADO","1YZ1","1Y14","YOHANDI","1.478858756","124.8347633","AU 10P COKE","","1Y06,1YZ1,1Y14","",""
"1Y07","LEMBEAN[LEME]","1YZ1","MANADO","1YZ1","1Y14","YOHANDI","1.401427492","125.0060735","AU 8P NON COKE","","1Y07,1YZ1,1Y14","",""
"1Y08","AA MARAMIS [AMIS]","1YZ1","MANADO","1YZ1","1Y14","YOHANDI","1.510959058","124.9116056","AC 10P COKE","","1Y08,1YZ1,1Y14","",""
"1Y09","MAPANGET RAYA [MPER]","1YZ1","MANADO","1YZ1","1Y14","YOHANDI","1.51518103","124.9211849","AU 12P COKE","","1Y09,1YZ1,1Y14","",""
"1Y10","JENSUD MANADO [JSMO]","1YZ1","MANADO","1YZ1","1Y14","YOHANDI","1.489725288","124.8427424","AU 12P COKE","","1Y10,1YZ1,1Y14","",""
"1Y11","MAPANGET TETERUSAN [MATE]","1YZ1","MANADO","1YZ1","1Y14","YOHANDI","1.533900226","124.9346516","AU 10P COKE","","1Y11,1YZ1,1Y14","",""
"1Y13","GIRIAN BITUNG [GIBI]","1YZ1","MANADO","1YZ1","1Y14","YOHANDI","1.442313613","125.1325905","AU 8P COKE","","1Y13,1YZ1,1Y14","",""
"1Y14","MALALAYANG [MLYA]","1YZ1","MANADO","1YZ1","1Y14","YOHANDI","1.456561136","124.8087018","AC 8P COKE","","1Y14,1YZ1,1Y14","",""
"1Y15","PURI KELAPA GADING [PKGA]","1YZ1","MANADO","1YZ1","1Y14","YOHANDI","1.500868757","124.9190517","AU 12P COKE","","1Y15,1YZ1,1Y14","",""
"1Y17","AIRMADIDI ATAS[AIDI]","1YZ1","MANADO","1YZ1","1Y14","YOHANDI","1.4210625","124.9864375","AC 10P COKE","","1Y17,1YZ1,1Y14","",""
"1Y1E","POLI. KAIRAGI DUA [POLD]","1YZ1","MANADO","1YZ1","1Y14","YOHANDI","1.501553374","124.8905586","AU 12P COKE","","1Y1E,1YZ1,1Y14","",""
"1Y1F","KAWILEY MINUT [KAWN]","1YZ1","MANADO","1YZ1","1Y14","YOHANDI","1.3914875","125.0369844","AU 10P COKE","","1Y1F,1YZ1,1Y14","",""
"1Y1K","MATUNGKAS RAYA [MATR]","1YZ1","MANADO","1YZ1","1Y14","YOHANDI","1.473165183","124.9693626","AU 10P COKE","","1Y1K,1YZ1,1Y14","",""
"1Y1L","SINDULANG MANADO [SINO]","1YZ1","MANADO","1YZ1","1Y14","YOHANDI","1.503683442","124.8444843","AU 12P COKE","","1Y1L,1YZ1,1Y14","",""
"1Y1M","PAAL EMPAT MANADO [PALE]","1YZ1","MANADO","1YZ1","1Y14","YOHANDI","1.471218","124.8700613","AU 8P NON COKE","","1Y1M,1YZ1,1Y14","",""
"1Y1N","TATELI MANDOLANG [TATM]","1YZ1","MANADO","1YZ1","1Y14","YOHANDI","1.4449641","124.7566269","AU 10P COKE","","1Y1N,1YZ1,1Y14","",""
"1Y1O","PANIKI ATAS MINUT [PAMT]","1YZ1","MANADO","1YZ1","1Y14","YOHANDI","1.493368958","124.9217791","AU 10P COKE","","1Y1O,1YZ1,1Y14","",""
"1Y1R","TUMALUNTUNG MINUT [TUUT]","1YZ1","MANADO","1YZ1","1Y14","YOHANDI","1.41165939","124.9979447","AU 10P COKE","","1Y1R,1YZ1,1Y14","",""
"1Y1U","TRANS TATELI BARU [TTRU]","1YZ1","MANADO","1YZ1","1Y14","YOHANDI","1.4479088","124.7598990","AU 10P COKE","","1Y1U,1YZ1,1Y14","",""
"1Y1X","SINGKIL MANADO [ILDO]","1YZ1","MANADO","1YZ1","1Y14","YOHANDI","1.504936366","124.8511866","AU 12P COKE","","1Y1X,1YZ1,1Y14","",""
"1Y1Y","PARIGI TUJUH ATAS [PTUS]","1YZ1","MANADO","1YZ1","1Y14","YOHANDI","1.447805045","124.8194658","AU 10P COKE","","1Y1Y,1YZ1,1Y14","",""
"1Y20","17 AGUSTUS [17AS]","1YZ1","MANADO","1YZ1","1Y14","YOHANDI","1.4649375","124.8471875","AU 10P COKE","","1Y20,1YZ1,1Y14","",""
"1Y21","HASANUDIN MANADO [HSMO]","1YZ1","MANADO","1YZ1","1Y14","YOHANDI","1.5097061","124.8474060","AU 12P COKE","","1Y21,1YZ1,1Y14","",""
"1Y22","W MONGINSIDI BITUNG [WMBG]","1YZ1","MANADO","1YZ1","1Y14","YOHANDI","1.4400377","125.1314704","AU 10P COKE","","1Y22,1YZ1,1Y14","",""
"1Y24","SARUNDAJANG BITUNG [SDBI]","1YZ1","MANADO","1YZ1","1Y14","YOHANDI","1.444493973","125.1217251","AU 10P COKE","","1Y24,1YZ1,1Y14","",""
"1Y25","BABE PALAR MDO [BALA]","1YZ1","MANADO","1YZ1","1Y14","YOHANDI","1.4663125","124.8404375","AU 8P NON COKE","","1Y25,1YZ1,1Y14","",""
"1Y26","WATUTUMOU MINUT [WAMI]","1YZ1","MANADO","1YZ1","1Y14","YOHANDI","1.476869882","124.9100162","AU 12P COKE","","1Y26,1YZ1,1Y14","",""
"1Y27","KOLONGAN MINUT [KOMI]","1YZ1","MANADO","1YZ1","1Y14","YOHANDI","1.455160798","124.939514","AC 10P COKE","","1Y27,1YZ1,1Y14","",""
"1Y28","KOLONGAN RAYA MINUT [KRMT]","1YZ1","MANADO","1YZ1","1Y14","YOHANDI","1.526162488","124.9554828","AU 12P COKE","","1Y28,1YZ1,1Y14","",""
"1Y29","MATUNGKAS MINUT [MTKM]","1YZ1","MANADO","1YZ1","1Y14","YOHANDI","1.478923086","124.9720558","AU 10P COKE","","1Y29,1YZ1,1Y14","",""
"1Y2C","PARIGI MANADO [PADO]","1YZ1","MANADO","1YZ1","1Y14","YOHANDI","1.453934212","124.8200621","AU 10P COKE","","1Y2C,1YZ1,1Y14","",""
"1Y2H","RAYA SUKUR [RAYS]","1YZ1","MANADO","1YZ1","1Y14","YOHANDI","1.437505393","124.9702414","AU 10P COKE","","1Y2H,1YZ1,1Y14","",""
"1Y2L","RANOMUUT MANADO [ROMA]","1YZ1","MANADO","1YZ1","1Y14","YOHANDI","1.480792778","124.869354","AU 10P COKE","","1Y2L,1YZ1,1Y14","",""
"1Y2T","MANEMBO NEMBO RAYA [MARU]","1YZ1","MANADO","1YZ1","1Y14","YOHANDI","1.434250812","125.120874","AU 12P COKE","","1Y2T,1YZ1,1Y14","",""
"1Y2U","RAYA MATUARI [RAYI]","1YZ1","MANADO","1YZ1","1Y14","YOHANDI","1.43521624","125.1136328","AU 10P COKE","","1Y2U,1YZ1,1Y14","",""
"1Y32","MATUNGKAS 2 [MTU2]","1YZ1","MANADO","1YZ1","1Y14","YOHANDI","1.4845640","124.9737310","AU 10P COKE","","1Y32,1YZ1,1Y14","",""
"1Y33","VETERAN BITUNG [VEBI]","1YZ1","MANADO","1YZ1","1Y14","YOHANDI","1.439062582","125.1350622","AU 10P COKE","","1Y33,1YZ1,1Y14","",""
"1Y37","KOLONGAN TETEMPANGAN [KOTE]","1YZ1","MANADO","1YZ1","1Y14","YOHANDI","1.4670125","124.9243594","AU 12P COKE","","1Y37,1YZ1,1Y14","",""
"1Y38","PINELENG [PLEG]","1YZ1","MANADO","1YZ1","1Y14","YOHANDI","1.427410987","124.8385976","AU 12P COKE","","1Y38,1YZ1,1Y14","",""
"1Y39","TIKALA ARES MDO[TARS]","1YZ1","MANADO","1YZ1","1Y14","YOHANDI","1.487102626","124.8506555","AU 10P COKE","","1Y39,1YZ1,1Y14","",""
"1Y3F","TRANS KAUDITAN [TRAK]","1YZ1","MANADO","1YZ1","1Y14","YOHANDI","1.3981387","125.0525219","AU 10P COKE","","1Y3F,1YZ1,1Y14","",""
"1Y3G","KAUDITAN SATU [KNST]","1YZ1","MANADO","1YZ1","1Y14","YOHANDI","1.3954620","125.0464145","AU 10P COKE","","1Y3G,1YZ1,1Y14","",""
"1Y3H","GIRIAN WERU [GIRW]","1YZ1","MANADO","1YZ1","1Y14","YOHANDI","1.4387074","125.1245631","AU 10P COKE","","1Y3H,1YZ1,1Y14","",""
"1Y3L","NEW CITRALAND [NECI]","1YZ1","MANADO","1YZ1","1Y14","YOHANDI","1.43916781","124.8476465","AU 10P COKE","","1Y3L,1YZ1,1Y14","",""
"1Y3T","GIRIAN BAWAH/F [GIBA]","1YZ1","MANADO","1YZ1","1Y14","YOHANDI","1.436903567","125.1295401","AU 10P COKE","","1Y3T,1YZ1,1Y14","",""
"1Y40","PANIKI BAWAH MPGT[PBWM]","1YZ1","MANADO","1YZ1","1Y14","YOHANDI","1.511952675","124.9139467","AU 12P COKE","","1Y40,1YZ1,1Y14","",""
"1Y41","POGIDON [PGDO]","1YZ1","MANADO","1YZ1","1Y14","YOHANDI","1.5205625","124.8501875","AU 12P COKE","","1Y41,1YZ1,1Y14","",""
"1Y42","ADIPURA [ADRA]","1YZ1","MANADO","1YZ1","1Y14","YOHANDI","1.535279566","124.9138013","AU 10P COKE","","1Y42,1YZ1,1Y14","",""
"1Y44","AIRMADIDI MINUT [AIMI]","1YZ1","MANADO","1YZ1","1Y14","YOHANDI","1.427494866","124.9796025","AC 10P COKE","","1Y44,1YZ1,1Y14","",""
"1Y45","ARNOLD MONONUTU [ARMO]","1YZ1","MANADO","1YZ1","1Y14","YOHANDI","1.460859447","124.8450228","AU 10P COKE","","1Y45,1YZ1,1Y14","",""
"1Y46","PINGKAN MATINDAS [PIAS]","1YZ1","MANADO","1YZ1","1Y14","YOHANDI","1.4799375","124.8618125","AU 10P COKE","","1Y46,1YZ1,1Y14","",""
"1Y47","ARNOLD MONOMUTU MINU [ARMI]","1YZ1","MANADO","1YZ1","1Y14","YOHANDI","1.417452079","124.9858348","AC 10P COKE","","1Y47,1YZ1,1Y14","",""
"1Y48","A. YANI MANADO [AYMA]","1YZ1","MANADO","1YZ1","1Y14","YOHANDI","1.4651875","124.8300625","AU 10P COKE","","1Y48,1YZ1,1Y14","",""
"1Y4A","MATUARI TENGAH [MAAH]","1YZ1","MANADO","1YZ1","1Y14","YOHANDI","1.427126787","125.1136164","AU 10P COKE","","1Y4A,1YZ1,1Y14","",""
"1Y4E","GIRIAN ATAS [GIAT]","1YZ1","MANADO","1YZ1","1Y14","YOHANDI","1.44128456","125.1239491","AU 10P COKE","","1Y4E,1YZ1,1Y14","",""
"1Y4J","SARAPUNG [SAAP]","1YZ1","MANADO","1YZ1","1Y14","YOHANDI","1.489038698","124.840439","AU 10P COKE","","1Y4J,1YZ1,1Y14","",""
"1Y4M","KOKA MAPANGET [KOET]","1YZ1","MANADO","1YZ1","1Y14","YOHANDI","1.5447645","124.9192222","AU 10P COKE","","1Y4M,1YZ1,1Y14","",""
"1Y4O","TAMANSARI/F [TANS]","1YZ1","MANADO","1YZ1","1Y14","YOHANDI","1.4993721","124.9057582","AU 8P COKE","","1Y4O,1YZ1,1Y14","",""
"1Y4U","RINGROAD WANEA [RIWA]","1YZ1","MANADO","1YZ1","1Y14","YOHANDI","1.4425210","124.8520312","AU 12P COKE","","1Y4U,1YZ1,1Y14","",""
"1Y4Y","RAYA KAUDITAN SATU [RAUD]","1YZ1","MANADO","1YZ1","1Y14","YOHANDI","1.3929595","125.0431024","AU 10P COKE","","1Y4Y,1YZ1,1Y14","",""
"1Y52","BETHESDA MANADO [BSDA]","1YZ1","MANADO","1YZ1","1Y14","YOHANDI","1.463192657","124.8349292","AU 10P COKE","","","",""
"1Y53","MALALAYANG 1 TIMUR [ML1T]","1YZ1","MANADO","1YZ1","1Y14","YOHANDI","1.458973302","124.8209805","AU 10P COKE","","1Y53,1YZ1,1Y14","",""
"1Y54","WOLTER MONGINSIDI [WODI]","1YZ1","MANADO","1YZ1","1Y14","YOHANDI","1.458937114","124.8033665","AU 10P COKE","","","",""
"1Y56","TERM. TANGKOKO BTG [TTKO]","1YZ1","MANADO","1YZ1","1Y14","YOHANDI","1.430689822","125.1120581","AU 10P COKE","","1Y56,1YZ1,1Y14","",""
"1Y57","GIRIAN PERMAI BITUNG [GPBG]","1YZ1","MANADO","1YZ1","1Y14","YOHANDI","1.448037536","125.1277811","AU 10P COKE","","1Y57,1YZ1,1Y14","",""
"1Y58","PRAMUKA MANADO [PRMO]","1YZ1","MANADO","1YZ1","1Y14","YOHANDI","1.4691875","124.8379219","AU 8P NON COKE","","1Y58,1YZ1,1Y14","",""
"1Y59","14 FEBRUARI MANADO [14MO]","1YZ1","MANADO","1YZ1","1Y14","YOHANDI","1.4737125","124.8445781","AU 10P COKE","","1Y59,1YZ1,1Y14","",""
"1Y5A","MALALAYANG BARU [MALU]","1YZ1","MANADO","1YZ1","1Y14","YOHANDI","1.4566239","124.8134137","AC 10P COKE","","1Y5A,1YZ1,1Y14","",""
"1Y5D","IR. SOEKARNO [IRSO]","1YZ1","MANADO","1YZ1","1Y14","YOHANDI","1.4218342","124.9922353","AU 10P COKE","","","",""
"1Y5E","GANDARIA GPI [GANI]","1YZ1","MANADO","1YZ1","1Y14","YOHANDI","1.5415665","124.9006395","AC 8P NON COKE","","1Y5E,1YZ1,1Y14","",""
"1Y5I","RING ROAD DUA MANADO [RIDO]","1YZ1","MANADO","1YZ1","1Y14","YOHANDI","1.498975735","124.9016687","AU 10P COKE","","","",""
"1Y5P","MANEMBO - NEMBO [MANE]","1YZ1","MANADO","1YZ1","1Y14","YOHANDI","1.4374673","125.1227428","AU 12P COKE","","","",""
"1Y5T","SAGERAT MATUARI [SAGE]","1YZ1","MANADO","1YZ1","1Y14","YOHANDI","1.418920438","125.0970723","AU 10P COKE","","1Y5T,1YZ1,1Y14","",""
"1Y5Y","SAMRAT KAROMBASAN [SARO]","1YZ1","MANADO","1YZ1","1Y14","YOHANDI","1.457428329","124.8376994","AC 10P COKE","","1Y5Y,1YZ1,1Y14","",""
"1Y60","POLITEKNIK RAYA MDO [POMO]","1YZ1","MANADO","1YZ1","1Y14","YOHANDI","1.507611939","124.8908785","AU 12P COKE","","1Y60,1YZ1,1Y14","",""
"1Y63","DAAN MOGOT MANADO [DAMA]","1YZ1","MANADO","1YZ1","1Y14","YOHANDI","1.4806875","124.8526875","AC 10P COKE","","1Y63,1YZ1,1Y14","",""
"1Y64","SAGERAT BITUNG [STBG]","1YZ1","MANADO","1YZ1","1Y14","YOHANDI","1.4231875","125.1039375","AU 10P COKE","","1Y64,1YZ1,1Y14","",""
"1Y65","PEMUDA MANADO [PMNO]","1YZ1","MANADO","1YZ1","1Y14","YOHANDI","1.4690375","124.8346719","AU 8P NON COKE","","1Y65,1YZ1,1Y14","",""
"1Y67","TOLOLIU SUPIT MDO [TSMO]","1YZ1","MANADO","1YZ1","1Y14","YOHANDI","1.4614875","124.8529531","AC 10P COKE","","1Y67,1YZ1,1Y14","",""
"1Y68","KOKA MANADO [KAMO]","1YZ1","MANADO","1YZ1","1Y14","YOHANDI","1.542784325","124.9192658","AU 10P COKE","","1Y68,1YZ1,1Y14","",""
"1Y69","GARUDA MANADO [GRMA]","1YZ1","MANADO","1YZ1","1Y14","YOHANDI","1.484436852","124.8393128","AU 10P COKE","","1Y69,1YZ1,1Y14","",""
"1Y6H","KOMBOS BARAT [KOBT]","1YZ1","MANADO","1YZ1","1Y14","YOHANDI","1.492484564","124.8592988","AC 10P COKE","","1Y6H,1YZ1,1Y14","",""
"1Y6L","TAMAN KESATUANBANGSA [TKEB]","1YZ1","MANADO","1YZ1","1Y14","YOHANDI","1.4928314","124.8410522","AC 10P COKE","","1Y6L,1YZ1,1Y14","",""
"1Y6N","RUKO MEGA PROFIT [RUPR]","1YZ1","MANADO","1YZ1","1Y14","YOHANDI","1.478462059","124.8336401","AU 10P COKE","","1Y6N,1YZ1,1Y14","",""
"1Y6O","B. W. LAPIAN [BWLA]","1YZ1","MANADO","1YZ1","1Y14","YOHANDI","1.484162037","124.847824","AU 10P COKE","","1Y6O,1YZ1,1Y14","",""
"1Y6P","TITIWUNGEN SELATAN /F [TISE]","1YZ1","MANADO","1YZ1","1Y14","YOHANDI","1.4748072","124.8369298","AC 10P COKE","","1Y6P,1YZ1,1Y14","",""
"1Y6T","WANGURER BARAT [WABA]","1YZ1","MANADO","1YZ1","1Y14","YOHANDI","1.4410839","125.1534855","AU 10P COKE","","1Y6T,1YZ1,1Y14","",""
"1Y6V","*WATUDAMBO KAUDITAN [WAAN]","1YZ1","MANADO","1YZ1","1Y14","YOHANDI","1.414020017","125.0918386","AU 10P COKE","","1Y6V,1YZ1,1Y14","",""
"1Y6W","*TALAWAAN MINUT [TALM]","1YZ1","MANADO","1YZ1","1Y14","YOHANDI","1.525518282","124.9391634","AC 12P COKE","","1Y6W,1YZ1,1Y14","",""
"1Y6Y","TUMALUNTUNG KAUDITAN [TUMA]","1YZ1","MANADO","1YZ1","1Y14","YOHANDI","1.404556611","124.9963623","AC 10P COKE","","1Y6Y,1YZ1,1Y14","",""
"1Y70","WR SUPRATMAN MDO [WSMO]","1YZ1","MANADO","1YZ1","1Y14","YOHANDI","1.487640098","124.8455735","AU 8P COKE","","1Y70,1YZ1,1Y14","",""
"1Y71","SAMRATULANGI MDO [SMNO]","1YZ1","MANADO","1YZ1","1Y14","YOHANDI","1.47948175","124.8367629","AU 12P COKE","","1Y71,1YZ1,1Y14","",""
"1Y73","BALAI KOTA MANADO [BAMO]","1YZ1","MANADO","1YZ1","1Y14","YOHANDI","1.4851875","124.8483125","AU 10P COKE","","1Y73,1YZ1,1Y14","",""
"1Y77","LEMBE PERMAI BITUNG [LPBG]","1YZ1","MANADO","1YZ1","1Y14","YOHANDI","1.446937647","125.1484393","AU 10P COKE","","1Y77,1YZ1,1Y14","",""
"1Y79","PANIKI BAWAH MANADO [PANA]","1YZ1","MANADO","1YZ1","1Y14","YOHANDI","1.511268193","124.9129844","AU 12P COKE","","1Y79,1YZ1,1Y14","",""
"1Y7E","DAHLIA GPI/F [DAPI]","1YZ1","MANADO","1YZ1","1Y14","YOHANDI","1.538986255","124.9046809","AC 8P NON COKE","","1Y7E,1YZ1,1Y14","",""
"1Y7F","KALASEY MINAHASA [KYMA]","1YZ1","MANADO","1YZ1","1Y14","YOHANDI","1.4594533","124.7782196","AC 10P COKE","","1Y7F,1YZ1,1Y14","",""
"1Y7G","WANGURER ERPAK/F [WAER]","1YZ1","MANADO","1YZ1","1Y14","YOHANDI","1.4501997","125.1400002","AU 12P COKE","","1Y7G,1YZ1,1Y14","",""
"1Y7H","LENGKONG BITUNG/F [LEBI]","1YZ1","MANADO","1YZ1","1Y14","YOHANDI","1.429751087","125.1231714","AU 10P COKE","","1Y7H,1YZ1,1Y14","",""
"1Y7M","A.A MARAMIS MAPANGET [AMAM]","1YZ1","MANADO","1YZ1","1Y14","YOHANDI","1.526475562","124.9212876","AC 10P COKE","","1Y7M,1YZ1,1Y14","",""
"1Y7N","IR SOEKARNO ARMDIDI [ISAR]","1YZ1","MANADO","1YZ1","1Y14","YOHANDI","1.430059523","124.9858184","AU 10P COKE","","1Y7N,1YZ1,1Y14","",""
"1Y7O","RAYA IR. SOEKARNO [RISO]","1YZ1","MANADO","1YZ1","1Y14","YOHANDI","1.441945207","124.9738497","AC 10P COKE","","1Y7O,1YZ1,1Y14","",""
"1Y7P","IR. SOEKARNO 138 [IRKN]","1YZ1","MANADO","1YZ1","1Y14","YOHANDI","1.484224545","124.9197749","AU 10P COKE","","1Y7P,1YZ1,1Y14","",""
"1Y7R","KOLONGAN TALAWAAN/F [KOTN]","1YZ1","MANADO","1YZ1","1Y14","YOHANDI","1.531372077","124.9609627","AU 12P COKE","","1Y7R,1YZ1,1Y14","",""
"1Y7U","BAILANG MANADO/F [BMDO]","1YZ1","MANADO","1YZ1","1Y14","YOHANDI","1.524264983","124.8505482","AC 10P COKE","","1Y7U,1YZ1,1Y14","",""
"1Y80","KAUDITAN MINUT [KAMI]","1YZ1","MANADO","1YZ1","1Y14","YOHANDI","1.392312494","125.0459374","AU 10P COKE","","1Y80,1YZ1,1Y14","",""
"1Y84","KANAAN MANADO [KANA]","1YZ1","MANADO","1YZ1","1Y14","YOHANDI","1.455437528","124.8438906","AU 10P COKE","","1Y84,1YZ1,1Y14","",""
"1Y85","BUHA MANADO [BUDO]","1YZ1","MANADO","1YZ1","1Y14","YOHANDI","1.526805455","124.8743117","AU 10P COKE","","1Y85,1YZ1,1Y14","",""
"1Y87","KAIRAGI 1 MANADO [K1MA]","1YZ1","MANADO","1YZ1","1Y14","YOHANDI","1.495936667","124.8805621","AU 8P NON COKE","","1Y87,1YZ1,1Y14","",""
"1Y8C","*TUMINTING MANADO [TUDO]","1YZ1","MANADO","1YZ1","1Y14","YOHANDI","1.500748011","124.8453546","AC 10P COKE","","1Y8C,1YZ1,1Y14","",""
"1Y8D","SAWANGAN AIRMADIDI [SAIR]","1YZ1","MANADO","1YZ1","1Y14","YOHANDI","1.411482602","124.9708701","AC 10P COKE","","1Y8D,1YZ1,1Y14","",""
"1Y8E","IR. SOEKARNO KALAWAT [IRAT]","1YZ1","MANADO","1YZ1","1Y14","YOHANDI","1.477747026","124.9341101","AC 10P COKE","","1Y8E,1YZ1,1Y14","",""
"1Y8F","LAIKIT MINUT [LAMI]","1YZ1","MANADO","1YZ1","1Y14","YOHANDI","1.489620895","124.9754935","AU 12P COKE","","1Y8F,1YZ1,1Y14","",""
"1Y8G","TITIWUNGEN UTARA [TIEN]","1YZ1","MANADO","1YZ1","1Y14","YOHANDI","1.480654812","124.835075","AC 10P COKE","","1Y8G,1YZ1,1Y14","",""
"1Y8L","BENGAWAN SOLO MANADO [BEWA]","1YZ1","MANADO","1YZ1","1Y14","YOHANDI","1.4997448","124.8553497","AC 12P COKE","","1Y8L,1YZ1,1Y14","",""
"1Y91","BOULEVARD SARIO MDO [BSMO]","1YZ1","MANADO","1YZ1","1Y14","YOHANDI","1.4666149","124.8294436","AU 10P COKE","","","",""
"1Y92","YOS SUDARSO MANADO [YOSU]","1YZ1","MANADO","1YZ1","1Y14","YOHANDI","1.4963125","124.8789375","AC 10P COKE","","","",""
"1Y94","DENDENGAN LUAR MDO [DENA]","1YZ1","MANADO","1YZ1","1Y14","YOHANDI","1.487062508","124.8551873","AU 10P COKE","","","",""
"1Y95","PAAL 2 MANADO [PAL2]","1YZ1","MANADO","1YZ1","1Y14","YOHANDI","1.488835341","124.8613344","AC 10P COKE","","","",""
"1Y96","GRIYA PANIKI INDAH M [GPIM]","1YZ1","MANADO","1YZ1","1Y14","YOHANDI","1.5398125","124.9111875","AU 10P COKE","","","",""
"1Y99","WONASA MANADO [WOMA]","1YZ1","MANADO","1YZ1","1Y14","YOHANDI","1.491322838","124.8503068","AU 12P COKE","","","",""
"1Y9L","PERUM KAWARU [PRKW]","1YZ1","MANADO","1YZ1","1Y14","YOHANDI","1.4600034","124.9231003","AC 10P COKE","","","",""
"1Y9N","BNDRSAMRATULANGI MDO [BSDO]","1YZ1","MANADO","1YZ1","1Y14","YOHANDI","1.5428786","124.9221005","AC 8P NON COKE","","","",""
"1Y9P","PINELENG DUA MNHSA [PIDU]","1YZ1","MANADO","1YZ1","1Y14","YOHANDI","1.4251018","124.8377521","AU 12P COKE","","","",""
"1Y9R","WINANGUN DUA MANADO [WNGN]","1YZ1","MANADO","1YZ1","1Y14","YOHANDI","1.4462072","124.8352244","AC 12P COKE","","","",""
"1Y9S","DIMEMBE [DMBE]","1YZ1","MANADO","1YZ1","1Y14","YOHANDI","1.5065516","124.9800225","AU 12P COKE","","","",""
"1Y9U","MARTADINATA PAAL DUA [MAAL]","1YZ1","MANADO","1YZ1","1Y14","YOHANDI","1.4867734","124.8594887","AC 10P COKE","","","",""
"1Y9V","PANIKI BAWAH [PAAH]","1YZ1","MANADO","1YZ1","1Y14","YOHANDI","1.5096059","124.9101352","AC 10P COKE","","","",""
"1Y9W","TINGKULU MANADO [TIMA]","1YZ1","MANADO","1YZ1","1Y14","YOHANDI","1.4504668","124.8547503","AC 10P COKE","","","",""
"1Y9X","CENDRAWASIH MANADO [CEMA]","1YZ1","MANADO","1YZ1","1Y14","YOHANDI","1.4643756","124.8772215","AC 10P COKE","","","",""
"1YA2","WINANGUN ATAS MNHS [WISA]","1YZ1","MANADO","1YZ1","1Y14","YOHANDI","1.434771056","124.8444813","AU 12P COKE","","","",""
"1YA4","KAROMBASAN UTARA MDO [KARO]","1YZ1","MANADO","1YZ1","1Y14","YOHANDI","1.453567254","124.8401969","AU 10P COKE","","","",""
"1YA6","AIRMADIDI RAYA MINUT [AIRR]","1YZ1","MANADO","1YZ1","1Y14","YOHANDI","1.4264625","124.9809531","AC 10P COKE","","","",""
"1YA7","KOLONGAN ASABRI MNT [KOAS]","1YZ1","MANADO","1YZ1","1Y14","YOHANDI","1.464809266","124.9266921","AC 10P COKE","","","",""
"1YAA","BOULEVARD DUA [BODU]","1YZ1","MANADO","1YZ1","1Y14","YOHANDI","1.5024274","124.8419709","AU 12P COKE","","","",""
"1YAD","AKASIA GPI [AKPI]","1YZ1","MANADO","1YZ1","1Y14","YOHANDI","1.5309592","124.9055885","AU 12P COKE","","","",""
"1YAG","PULAU SULAWESI/F [PSEI]","1YZ1","MANADO","1YZ1","1Y14","YOHANDI","1.4523746","124.8244162","AU 10P COKE","","","",""
"1YAI","CALACA [CACA]","1YZ1","MANADO","1YZ1","1Y14","YOHANDI","1.4958083","124.8413010","AC 10P COKE","","","",""
"1YAO","SARONGSONG SATU ARMD [SROA]","1YZ1","MANADO","1YZ1","1Y14","YOHANDI","1.4297245","124.9775026","AC 10P COKE","","","",""
"1YAP","KALAWAT MINUT [KAUT]","1YZ1","MANADO","1YZ1","1Y14","YOHANDI","1.4864680","124.9157648","AC 10P COKE","","","",""
"1YAR","KRIDA MANADO [KRDO]","1YZ1","MANADO","1YZ1","1Y14","YOHANDI","1.4544889","124.8219002","AC 10P COKE","","","",""
"1YAS","ZERO POINT AIRMADIDI [ZPAI]","1YZ1","MANADO","1YZ1","1Y14","YOHANDI","1.46111386","124.9671291","AC 10P COKE","","","",""
"1YAY","BENGKOL MANADO","1YZ1","MANADO","1YZ1","1Y14","YOHANDI","1.5449928","124.8713411","AU 10P COKE","","","",""
"1YB1","TIKALA MANADO [TIKA]","1YZ1","MANADO","1YZ1","1Y14","YOHANDI","1.480770843","124.8513785","AU 10P COKE","","","",""
"1YB4","MADIDIR BITUNG [MBTG]","1YZ1","MANADO","1YZ1","1Y14","YOHANDI","1.447238459","125.1416886","AU 10P COKE","","","",""
"1YB5","GIRIAN INDAH BITUNG [GIIN]","1YZ1","MANADO","1YZ1","1Y14","YOHANDI","1.447156138","125.135311","AU 10P COKE","","","",""
"1YB8","ARIE LASUT MANADO [ALMA]","1YZ1","MANADO","1YZ1","1Y14","YOHANDI","1.49677904","124.8706875","AU 10P COKE","","","",""
"1YBA","SADANG SUMOMPO","1YZ1","MANADO","1YZ1","1Y14","YOHANDI","1.5161465","124.8692798","AC 12P COKE","","","",""
"1YBC","TERNATE BARU","1YZ1","MANADO","1YZ1","1Y14","YOHANDI","1.4913859","124.8546571","AC 10P COKE","","","",""
"1YBE","LAWANGIRUNG MANADO","1YZ1","MANADO","1YZ1","1Y14","YOHANDI","1.4877932","124.8411006","AU 10P COKE","","","",""
"1YBF","KAWILEY KAUDITAN","1YZ1","MANADO","1YZ1","1Y14","YOHANDI","1.3923086","125.0414672","AC 10P COKE","","","",""
"1YBH","KALAWAT RAYA","1YZ1","MANADO","1YZ1","1Y14","YOHANDI","1.4812009","124.9262489","AU 12P COKE","","","",""
"1YBK","RINGROAD MAUMBI","1YZ1","MANADO","1YZ1","1Y14","YOHANDI","1.4802221","124.8938277","AU 10P COKE","","","",""
"1YBL","SEA MALALAYANG [SELY]","1YZ1","MANADO","1YZ1","1Y14","YOHANDI","1.4529541","124.8126436","AU 12P COKE","","","",""
"1YBM","KALASEY SATU [KYST]","1YZ1","MANADO","1YZ1","1Y14","YOHANDI","1.454382","124.76436","AU 10P COKE","","","",""
"1YBN","TANJUNG BATU [TATU]","1YZ1","MANADO","1YZ1","1Y14","YOHANDI","1.4692723107330241","124.83960255146297","AU 12P COKE","","","",""
"1YBQ","RING ROAD TIKALA [RIRO]","1YZ1","MANADO","1YZ1","1Y14","YOHANDI","1.4553729430169764","124.86656983354213","AU 10P COKE","","","",""
"1YBR","SINGKIL SATU MANADO [SSDO]","1YZ1","MANADO","1YZ1","1Y14","YOHANDI","1.495667","124.848639","AU 12P COKE","","","",""
"1YBS","KAWASAN MEGAMAS 2A2 [K2A2]","1YZ1","MANADO","1YZ1","1Y14","YOHANDI","1.4867783","124.8358026","AU 12P COKE","","","",""
"1YBU","KAIRAGI MANADO [KADO]","1YZ1","MANADO","1YZ1","1Y14","YOHANDI","1.4944434291300503","124.87542398201148","AU 10P COKE","","","",""
"1YBV","PINELENG RAYA [PLGR]","1YZ1","MANADO","1YZ1","1Y14","YOHANDI","1.4267357","124.8384086","AU 12P COKE","","","",""
"1YBW","PUMOROW MANADO [PUOW]","1YZ1","MANADO","1YZ1","1Y14","YOHANDI","1.4673290395017091","124.85526858962398","AU 12P COKE","","","",""
"1YBY","MANIBANG MANADO [MADO]","1YZ1","MANADO","1YZ1","1Y14","YOHANDI","1.45529","124.8045333","AU 12P COKE","","","",""
"1YC3","PERKAMIL MANADO [PERK]","1YZ1","MANADO","1YZ1","1Y14","YOHANDI","1.4763125","124.8705625","AU 8P NON COKE","","","",""
"1YC4","SAMRAT RANOTANA MDO [SRMO]","1YZ1","MANADO","1YZ1","1Y14","YOHANDI","1.46092531","124.8376616","AU 10P COKE","","","",""
"1YC6","MALALAYANG TERM. MDO [MTMA]","1YZ1","MANADO","1YZ1","1Y14","YOHANDI","1.459758931","124.7932468","AU 8P NON COKE","","","",""
"1YD1","SANTIAGO MANADO [SNMA]","1YZ1","MANADO","1YZ1","1Y14","YOHANDI","1.5126875","124.8508125","AU 12P COKE","","","",""
"1YD4","RS. PANCARAN KASIH [RSPH]","1YZ1","MANADO","1YZ1","1Y14","YOHANDI","1.479579147","124.8357546","AU 8P NON COKE","","","",""
"1YD6","MANGUNI RAYA MANADO [MAMA]","1YZ1","MANADO","1YZ1","1Y14","YOHANDI","1.4723125","124.8754375","AU 8P NON COKE","","","",""
"1YD7","SUKUR MINUT [SKMT]","1YZ1","MANADO","1YZ1","1Y14","YOHANDI","1.448562608","124.9585623","AB 8P NON COKE","","","",""
"1YD9","WINANGUN MANADO [WIMA]","1YZ1","MANADO","1YZ1","1Y14","YOHANDI","1.443314272","124.8376455","AU 10P COKE","","","",""
"1YF5","KAREGESAN MINUT [KEMI]","1YZ1","MANADO","1YZ1","1Y14","YOHANDI","1.3958106","125.0200764","AC 10P COKE","","","",""
"1YF6","KAUDITAN KEMA MINUT [KAKE]","1YZ1","MANADO","1YZ1","1Y14","YOHANDI","1.3715625","125.0721875","AU 10P COKE","","","",""
"1YI1","WATUDAMBO MINUT [WAUT]","1YZ1","MANADO","1YZ1","1Y14","YOHANDI","1.410976056","125.0830375","AU 10P COKE","","","",""
"1YI3","MANADO-TOMOHON KM. 7 [MAKM]","1YZ1","MANADO","1YZ1","1Y14","YOHANDI","1.429994363","124.8434761","AU 10P COKE","","","",""
"1YI9","MAPANGET MINUT [MTMT]","1YZ1","MANADO","1YZ1","1Y14","YOHANDI","1.5286875","124.9454375","AU 10P COKE","","","",""
"1YS2","KLEAK MANADO [KLEM]","1YZ1","MANADO","1YZ1","1Y14","YOHANDI","1.453469338","124.8285397","AU 12P COKE","","","",""
"1YS5","PANDU MANADO [PUDO]","1YZ1","MANADO","1YZ1","1Y14","YOHANDI","1.5668125","124.8744375","AU 10P COKE","","","",""
"1YS6","SEA MANADO [SEAM]","1YZ1","MANADO","1YZ1","1Y14","YOHANDI","1.4480625","124.8103136","AU 10P COKE","","","",""
"1YS8","DC KAREGESAN [DCAN]","1YZ1","MANADO","1YZ1","1Y14","YOHANDI","1.399688057","125.0209406","AU 10P COKE","","","",""
"1YV9","SAGERAT TUMUNDO [SATU]","1YZ1","MANADO","1YZ1","1Y14","YOHANDI","1.4410839","125.153855","AU 10P COKE","","","",""
"1YW1","MANEMBONEMBO MATUARI[MBOM]","1YZ1","MANADO","1YZ1","1Y14","YOHANDI","1.440860422","125.1174016","AU 10P COKE","","","",""
"1YW3","POLITEKNIK BUHA [POHA]","1YZ1","MANADO","1YZ1","1Y14","YOHANDI","1.519639134","124.8861273","AU 12P COKE","","","",""
"1YX1","MEGAMAS BOULEVARD [MEGS]","1YZ1","MANADO","1YZ1","1Y14","YOHANDI","1.485821817","124.8346653","AU 10P COKE","","","",""
"1YX6","ZERO POINT MINUT [ZEPO]","1YZ1","MANADO","1YZ1","1Y14","YOHANDI","1.4622375","124.9657656","AU 10P COKE","","","",""
"1YX9","BAHU MANADO [BAHM]","1YZ1","MANADO","1YZ1","1Y14","YOHANDI","1.45753722","124.8243284","AU 10P COKE","","","",""
"J171","ALFAMART KRAMAT PULO GUNDUL [KPGL]","JZ01","CIKOKOL","JZ01","K930","FEBRI","-6.182611","106.848518","AU 10P COKE","","","",""
"J171","ALFAMART KRAMAT PULO GUNDUL [KPGL]","JZ01","CIKOKOL","JZ01","K930","FEBRI","-6.182611","106.848518","AU 10P COKE","","","",""
"J179","ALFAMART MARDANI 2 [MDI]","JZ01","CIKOKOL","JZ01","JC15","FEBRI","-6.184134","106.862322","AU 12P COKE","","","",""
"J201","ALFAMART UTAN PANJANG [UTP]","JZ01","CIKOKOL","JZ01","JC15","FEBRI","-6.168750235810876","106.85250783339143","AU 10P COKE","","","",""
"J314","ALFAMART RW.MANGUN CPK PUTIH [RWMN]","JZ01","CIKOKOL","JZ01","JC15","FEBRI","-6.193718","106.858488","AH 10P COKE","","","",""
"J410","ALFAMART KEMAYORAN KETAPANG [KNKG]","JZ01","CIKOKOL","JZ01","JC15","FEBRI","-6.161499","106.849822","AU 8P COKE","","","",""
"J431","ALFAMART CEMPAKA RAYA/F [CPRY]","JZ01","CIKOKOL","JZ01","JC15","FEBRI","-6.168339","106.870478","AU 8P COKE","","","",""
"J438","ALFAMART KEBON KOSONG RAYA [KBKR]","JZ01","CIKOKOL","JZ01","K930","FEBRI","-6.166741","106.848482","AU 8P COKE","","","",""
"J477","ALFAMART PANGKALAN ASEM 2","JZ01","CIKOKOL","JZ01","K930","FEBRI","","","","","","",""
"J526","ALFAMART H. UNG [HUG]","JZ01","CIKOKOL","JZ01","JC15","FEBRI","-6.1635176","106.8535232","AU 8P COKE","","","",""
"J724","ALFAMART UTAN PANJANG III [UPJ3]","JZ01","CIKOKOL","JZ01","JC15","FEBRI","-6.1690065","106.8528754","AU 8P COKE","","","",""
"J730","ALFAMART PRAMUKA 4 [PMK4]","JZ01","CIKOKOL","JZ01","JC15","FEBRI","-6.191910","106.867262","AU 10P COKE","","","",""
"J784","ALFAMART PERCETAKAN NEGARA 3 [PCE3]","JZ01","CIKOKOL","JZ01","JC15","FEBRI","-6.187422","106.865040","AU 10P COKE","","","",""
"J869","ALFAMART APT GREEN PRAMUKA [AGPK]","JZ01","CIKOKOL","JZ01","JC15","FEBRI","-6.188315","106.872039","AU 10P COKE","","","",""
"J889","ALFAMART APT GREEN PRAMUKA 2 [AGP2]","JZ01","CIKOKOL","JZ01","JC15","FEBRI","-6.188226","106.871847","AU 8P COKE","","","",""
"JB67","ALFAMART GP BOUGENVILLE [GPB]","JZ01","CIKOKOL","JZ01","JC15","FEBRI","-6.188798","106.873425","AC 8P COKE","","","",""
"JC42","ALFAMART GREEN PRAMUKA NERINE [GPNR]","JZ01","CIKOKOL","JZ01","JC15","FEBRI","-6.188826","106.873973","AU 8P COKE","","","",""
"JC82","ALFAMART TIMAH RAYA [TIMR]","JZ01","CIKOKOL","JZ01","JC15","FEBRI","-6.168027","106.844791","AC 10P COKE","","","",""
"JD42","ALFAMART PERCETAKAN NEGARA 57 [PN57]","JZ01","CIKOKOL","JZ01","JC15","FEBRI","-6.188328","106.863038","AC 10P COKE","","","",""
"1MD4","ALFAMART ABDULLAH SYAFEI [ABSY]","KZ01","CIKOKOL","KZ01","K930","FEBRI","-6.212870","106.844489","AH 10P COKE","","","",""
"1MD4","ALFAMART ABDULLAH SYAFEI [ABSY]","KZ01","CIKOKOL","KZ01","K930","FEBRI","-6.212870","106.844489","AH 10P COKE","","","",""
"1MD4","ALFAMART ABDULLAH SYAFEI [ABSY]","KZ01","CIKOKOL","KZ01","K930","FEBRI","-6.212870","106.844489","AH 10P COKE","","","",""
"EI10","ALFAMART NOTRHLAND [NTLA]","KZ01","CIKOKOL","KZ01","K930","FEBRI","-6.129844739091821","106.83938226720093","","","","",""
"J178","ALFAMART RADEN SALEH [RSHJ]","KZ01","CIKOKOL","KZ01","K930","FEBRI","-6.190090","106.844694","AU 10P COKE","","","",""
"J178","ALFAMART RADEN SALEH [RSHJ]","KZ01","CIKOKOL","KZ01","K930","FEBRI","-6.190090","106.844694","AU 10P COKE","","","",""
"J182","ALFAMART PEGANGSAAN BARU [PGSJ]","KZ01","CIKOKOL","KZ01","K930","FEBRI","-6.217468","106.838363","AU 10P COKE","","","",""
"J182","ALFAMART PEGANGSAAN BARU [PGSJ]","KZ01","CIKOKOL","KZ01","K930","FEBRI","-6.217468","106.838363","AU 10P COKE","","","",""
"J187","ALFAMART KRAMAT PULO [KRMJ]","KZ01","CIKOKOL","KZ01","K930","FEBRI","-6.185679","106.847901","AU 10P COKE","","","",""
"J187","ALFAMART KRAMAT PULO [KRMJ]","KZ01","CIKOKOL","KZ01","K930","FEBRI","-6.185679","106.847901","AU 10P COKE","","","",""
"J193","ALFAMART KRAMAT PULO 2 [KPO2]","KZ01","CIKOKOL","KZ01","K930","FEBRI","-6.183323","106.845220","","","","",""
"J194","ALFAMART KRAMAT BUNDER [KTRJ]","KZ01","CIKOKOL","KZ01","K930","FEBRI","-6.176323","106.844620","AH 10P COKE","","","",""
"J194","ALFAMART KRAMAT BUNDER [KTRJ]","KZ01","CIKOKOL","KZ01","K930","FEBRI","-6.176323","106.844620","AH 10P COKE","","","",""
"J210","ALFAMART MUSI [MSI]","KZ01","CIKOKOL","KZ01","K930","FEBRI","-6.175496","106.809702","AU 8P COKE","","","",""
"J210","ALFAMART MUSI [MSI]","KZ01","CIKOKOL","KZ01","K930","FEBRI","-6.175496","106.809702","AU 8P COKE","","","",""
"J213","ALFAMART MANGGA BESAR XIII [MGBJ]","KZ01","CIKOKOL","KZ01","K930","FEBRI","-6.1456","106.82627833333332","AU 10P COKE","","","",""
"J214","ALFAMART KARANG ANYAR [KGRJ]","KZ01","CIKOKOL","KZ01","K930","FEBRI","-6.1559606","106.8312353","AU 10P COKE","","","",""
"J215","ALFAMART PEMBANGUNAN I [PGNI]","KZ01","CIKOKOL","KZ01","K930","FEBRI","-6.161839","106.816170","AU 8P COKE","","","",""
"J216","ALFAMART KREKOT BUNDER [KTBR]","KZ01","CIKOKOL","KZ01","K930","FEBRI","-6.159029","106.831576","AU 12P COKE","","","",""
"J216","ALFAMART KREKOT BUNDER [KTBR]","KZ01","CIKOKOL","KZ01","K930","FEBRI","-6.159029","106.831576","AU 12P COKE","","","",""
"J233","ALFAMART PECENONGAN [PCNN]","KZ01","CIKOKOL","KZ01","K930","FEBRI","-6.16445","106.82648","","","","",""
"J347","ALFAMART KEBON KACANG 2/F [KKC2]","KZ01","CIKOKOL","KZ01","K930","FEBRI","-6.18836","106.81827","","","","",""
"J387","ALFAMART GUNUNG SAHARI [GSHI]","KZ01","CIKOKOL","KZ01","K930","FEBRI","-6.155152","106.839423","","","","",""
"J428","ALFAMART RAJAWALI SLATAN [RJWS]","KZ01","CIKOKOL","KZ01","K930","FEBRI","-6.144011","106.838132","AU 12P COKE","","","",""
"J437","ALFAMART TMN KEBON SIRIH/F [TKSH]","KZ01","CIKOKOL","KZ01","K930","FEBRI","-6.184252","106.820285","AU 10P COKE","","","",""
"J437","ALFAMART TMN KEBON SIRIH/F [TKSH]","KZ01","CIKOKOL","KZ01","K930","FEBRI","-6.184252","106.820285","AU 10P COKE","","","",""
"J437","ALFAMART TMN KEBON SIRIH/F [TKSH]","KZ01","CIKOKOL","KZ01","K930","FEBRI","-6.184252","106.820285","AU 10P COKE","","","",""
"J438","ALFAMART KEBON KOSONG RAYA [KBKR]","KZ01","CIKOKOL","KZ01","K930","FEBRI","-6.166741","106.848482","AU 8P COKE","","","",""
"J446","ALFAMART SALEMBA TENGAH 2 [STGH]","KZ01","CIKOKOL","KZ01","K930","FEBRI","-6.193032","106.854933","AH 10P COKE","","","",""
"J447","PANGKALAN ASEM 2","KZ01","CIKOKOL","KZ01","K930","FEBRI","-6.1757","106.85801","","","","",""
"J520","ALFAMART HAYAM WURUK [HYMW]","KZ01","CIKOKOL","KZ01","K930","FEBRI","-6.1613317","106.819675","AU 10P COKE","","","",""
"J530","ALFAMART KRAMAT SENTIONG 2 [KSG2]","KZ01","CIKOKOL","KZ01","K930","FEBRI","-6.187196","106.850267","AU 8P COKE","","","",""
"J530","ALFAMART KRAMAT SENTIONG 2 [KSG2]","KZ01","CIKOKOL","KZ01","K930","FEBRI","-6.187196","106.850267","AU 8P COKE","","","",""
"J532","ALFAMART BENHIL 2 [BHL2]","KZ01","CIKOKOL","KZ01","K930","FEBRI","-6.206012146950344","106.80977858069649","AU 10P COKE","","","",""
"j534","ALFAMART PENJERNIHAN [PJHN]","KZ01","CIKOKOL","KZ01","K930","FEBRI","-6.2012346","106.8092241","AU 10P COKE","","","",""
"J534","ALFAMART PENJERNIHAN [PJHN]","KZ01","CIKOKOL","KZ01","K930","FEBRI","-6.2012346","106.8092241","AU 10P COKE","","","",""
"J534","ALFAMART PENJERNIHAN [PJHN]","KZ01","CIKOKOL","KZ01","K930","FEBRI","-6.2012346","106.8092241","AU 10P COKE","","","",""
"J535","LETJEND SUPRAPTO 2","KZ01","CIKOKOL","KZ01","K930","FEBRI","-6.17467","106.85448","","","","",""
"J536","ALFAMART KEMBANG RAYA [KGRY]","KZ01","CIKOKOL","KZ01","K930","FEBRI","-6.184877","106.8389947","AU 8P COKE","","","",""
"J536","ALFAMART KEMBANG RAYA [KGRY]","KZ01","CIKOKOL","KZ01","K930","FEBRI","-6.184877","106.8389947","AU 8P COKE","","","",""
"J552","ALFAMART KRAMAT IV [KTIV]","KZ01","CIKOKOL","KZ01","K930","FEBRI","-6.185669","106.842126","AU 8P COKE","","","",""
"J552","ALFAMART KRAMAT IV [KTIV]","KZ01","CIKOKOL","KZ01","K930","FEBRI","-6.185669","106.842126","AU 8P COKE","","","",""
"j590","ALFAMART PERSATUAN GURU [PGU]","KZ01","CIKOKOL","KZ01","K930","FEBRI","-6.17403","106.81235","","","","",""
"J601","ALFAMART BUNGUR BESAR [BRBS]","KZ01","CIKOKOL","KZ01","K930","FEBRI","-6.169242","106.843532","AH 10P COKE","","","",""
"J612","ALFAMART SENEN RAYA [SNYA]","KZ01","CIKOKOL","KZ01","K930","FEBRI","-6.177693","106.841165","AU 12P COKE","","","",""
"J612","ALFAMART SENEN RAYA [SNYA]","KZ01","CIKOKOL","KZ01","K930","FEBRI","-6.177693","106.841165","AU 12P COKE","","","",""
"J619","ALFAMART KEBON KACANG 9 [KKC9]","KZ01","CIKOKOL","KZ01","K930","FEBRI","-6.1913284","106.818694","AU 10P COKE","","","",""
"J630","ALFAMART LONTAR RAYA [LRRA]","KZ01","CIKOKOL","KZ01","K930","FEBRI","-6.19252894","106.81432228","AU 8P COKE","","","",""
"J662","ALFAMART HARCO MANGGA DUA [HMDA]","KZ01","CIKOKOL","KZ01","K930","FEBRI","-6.1359898","106.8292604","","","","",""
"J664","ALFAMART LAUTZE [LTZE]","KZ01","CIKOKOL","KZ01","K930","FEBRI","-6.157930","106.832858","AH 10P COKE","","","",""
"J664","ALFAMART LAUTZE [LTZE]","KZ01","CIKOKOL","KZ01","K930","FEBRI","-6.157930","106.832858","AH 10P COKE","","","",""
"J669","ALFAMART KH. WAHID HASYIM [KWSM]","KZ01","CIKOKOL","KZ01","K930","FEBRI","-6.186961666666667","106.82017166666668","AU 10P COKE","","","",""
"J670","ALFAMART PEMBANGUNAN 2 [PMB2]","KZ01","CIKOKOL","KZ01","K930","FEBRI","-6.162376","106.818313","AU 8P COKE","","","",""
"J674","ALFAMART SPBU PANGJAY/F [SPJA]","KZ01","CIKOKOL","KZ01","K930","FEBRI","-6.140806144103408","106.8273197952658","AU 6P NON COKE","","","",""
"J676","ALFAMART STASIUN SENEN [SSEN]","KZ01","CIKOKOL","KZ01","K930","FEBRI","-6.174561","106.844168","AU 8P COKE","","","",""
"J676","ALFAMART STASIUN SENEN [SSEN]","KZ01","CIKOKOL","KZ01","K930","FEBRI","-6.174561","106.844168","AU 8P COKE","","","",""
"J687","ALFAMART RUKO KENARI [RKEI]","KZ01","CIKOKOL","KZ01","K930","FEBRI","-6.1932388","106.8464776","AU 10P COKE","","","",""
"J687","ALFAMART RUKO KENARI [RKEI]","KZ01","CIKOKOL","KZ01","K930","FEBRI","-6.1932388","106.8464776","AU 10P COKE","","","",""
"J690","ALFAMART KS TUBUN 2 [KST2]","KZ01","CIKOKOL","KZ01","K930","FEBRI","-6.191428","106.806271","AH 10P COKE","","","",""
"J690","ALFAMART KS TUBUN 2 [KST2]","KZ01","CIKOKOL","KZ01","K930","FEBRI","-6.191428","106.806271","AH 10P COKE","","","",""
"J701","ALFAMART KEBON JAHE [KEHE]","KZ01","CIKOKOL","KZ01","K930","FEBRI","-6.18019","106.81731","","","","",""
"J701","ALFAMART KEBON JAHE [KEHE]","KZ01","CIKOKOL","KZ01","K930","FEBRI","-6.18019","106.81731","","","","",""
"J731","ALFAMART MENTENG SQUARE/F [MSQR]","KZ01","CIKOKOL","KZ01","K930","FEBRI","-6.200469","106.851528","AU 8P COKE","","","",""
"J731","ALFAMART MENTENG SQUARE/F [MSQR]","KZ01","CIKOKOL","KZ01","K930","FEBRI","-6.200469","106.851528","AU 8P COKE","","","",""
"J733","ALFAMART KAJI [KAJ]","KZ01","CIKOKOL","KZ01","K930","FEBRI","-6.166891","106.815102","AU 8P COKE","","","",""
"J737","ALFAMART GEREJA AYAM [GEYA]","KZ01","CIKOKOL","KZ01","K930","FEBRI","-6.162271666666667","106.83449166666666","AU 8P COKE","","","",""
"J757","ALFAMART MEDITERANIA MARINA [MEMA]","KZ01","CIKOKOL","KZ01","K930","FEBRI","-6.129413335584104","106.82929658330977","AU 8P COKE","","","",""
"J758","ALFAMART KOMP. LODAN CENTER [LODC]","KZ01","CIKOKOL","KZ01","K930","FEBRI","-6.12959","106.81690","","","","",""
"J761","ALFAMART PADEMANGAN-2 [PDA2]","KZ01","CIKOKOL","KZ01","K930","FEBRI","-6.139962","106.841378","AU 8P COKE","","","",""
"J762","ALFAMART PADEMANGAN III [PDM3]","KZ01","CIKOKOL","KZ01","K930","FEBRI","-6.136352","106.842024","AU 8P COKE","","","",""
"J763","ALFAMART BUDI MULIA AMPERA [BUMA]","KZ01","CIKOKOL","KZ01","K930","FEBRI","-6.13664","106.83435833333333","AU 10P COKE","","","",""
"J764","ALFAMART AMPERA RAYA [AMRA]","KZ01","CIKOKOL","KZ01","K930","FEBRI","-6.1340348","106.8377021","AU 8P COKE","","","",""
"J765","ALFAMART PADEMANGAN 4 [PDM4]","KZ01","CIKOKOL","KZ01","K930","FEBRI","-6.138716","106.840829","AU 8P COKE","","","",""
"J766","ALFAMART PADEMANGAN 7 [PDM7]","KZ01","CIKOKOL","KZ01","K930","FEBRI","-6.130857","106.844344","AU 8P COKE","","","",""
"J767","ALFAMART PADEMANGAN 5 [PDM5]","KZ01","CIKOKOL","KZ01","K930","FEBRI","-6.141617","106.840503","AU 8P COKE","","","",""
"J768","ALFAMART PADEMANGAN 6 [PDM6]","KZ01","CIKOKOL","KZ01","K930","FEBRI","-6.1419371","106.8389857","AC 8P COKE","","","",""
"J769","ALFAMART AMPERA RAYA 2 [APR2]","KZ01","CIKOKOL","KZ01","K930","FEBRI","-6.1306149","106.8420228","AU 8P COKE","","","",""
"J777","ALFAMART PADEMANGAN [PDMA]","KZ01","CIKOKOL","KZ01","K930","FEBRI","-6.142067","106.839032","AU 8P COKE","","","",""
"J793","ALFAMART MARTAPURA [MPTA]","KZ01","CIKOKOL","KZ01","K930","FEBRI","-6.2003588","106.8200711","AU 8P COKE","","","",""
"J813","ALFAMART PENJERNIHAN 2 [PJN2]","KZ01","CIKOKOL","KZ01","K930","FEBRI","-6.202763","106.806275","AU 10P COKE","","","",""
"J813","ALFAMART PENJERNIHAN 2 [PJN2]","KZ01","CIKOKOL","KZ01","K930","FEBRI","-6.202763","106.806275","AU 10P COKE","","","",""
"J813","ALFAMART PENJERNIHAN 2 [PJN2]","KZ01","CIKOKOL","KZ01","K930","FEBRI","-6.202763","106.806275","AU 10P COKE","","","",""
"J813","ALFAMART PENJERNIHAN 2 [PJN2]","KZ01","CIKOKOL","KZ01","K930","FEBRI","-6.202763","106.806275","AU 10P COKE","","","",""
"J816","ALFAMART STASIUN GAMBIR 2 [STGR]","KZ01","CIKOKOL","KZ01","K930","FEBRI","-6.161227","106.849727","AC 10P COKE","","","",""
"J816","ALFAMART STASIUN GAMBIR 2 [STGR]","KZ01","CIKOKOL","KZ01","K930","FEBRI","-6.161227","106.849727","AC 10P COKE","","","",""
"J817","ALFAMART DWI WARNA 2 [DWRN]","KZ01","CIKOKOL","KZ01","K930","FEBRI","-6.1512674","106.830003","AU 10P COKE","","","",""
"J841","ALFAMART BENDUNGAN JT LUHUR [BJTL]","KZ01","CIKOKOL","KZ01","K930","FEBRI","-6.203213","106.772235","AU 10P COKE","","","",""
"J847","ALFAMART KS.TUBUN 3 [KSN3]","KZ01","CIKOKOL","KZ01","K930","FEBRI","-6.188875","106.808808","","","","",""
"J848","ALFAMART JUANDA 3 [JND3]","KZ01","CIKOKOL","KZ01","K930","FEBRI","-6.163882","106.8232729","AU 8P COKE","","","",""
"J871","ALFAMART GUNUNG SAHARI 2 [GSR2]","KZ01","CIKOKOL","KZ01","K930","FEBRI","-6.149388","106.835288","AU 10P COKE","","","",""
"J871","ALFAMART GUNUNG SAHARI 2 [GSR2]","KZ01","CIKOKOL","KZ01","K930","FEBRI","-6.149388","106.835288","AU 10P COKE","","","",""
"J872","ALFAMART PANGERAN JAYAKARTA 3 [PJKT]","KZ01","CIKOKOL","KZ01","K930","FEBRI","-6.142618333333333","106.82930166666665","AU 10P COKE","","","",""
"J874","ALFAMART BENDUNGAN HILIR 3 [BDH3]","KZ01","CIKOKOL","KZ01","K930","FEBRI","-6.2056234","106.8098273","AU 10P COKE","","","",""
"J874","ALFAMART BENDUNGAN HILIR 3 [BDH3]","KZ01","CIKOKOL","KZ01","K930","FEBRI","-6.2056234","106.8098273","AU 10P COKE","","","",""
"J905","ALFAMART AWALUDIN [AWLD]","KZ01","CIKOKOL","KZ01","K930","FEBRI","-6.146931","106.804314","AU 10P COKE","","","",""
"J910","ALFAMART ANGKE JAYA 3 [AJA3]","KZ01","CIKOKOL","KZ01","K930","FEBRI","-6.148292","106.799165","AU 8P COKE","","","",""
"J910","ALFAMART ANGKE JAYA 3 [AJA3]","KZ01","CIKOKOL","KZ01","K930","FEBRI","-6.148292","106.799165","AU 8P COKE","","","",""
"J913","ALFAMART DWI WARNA [DWWN]","KZ01","CIKOKOL","KZ01","K930","FEBRI","-6.148900","106.829175","AH 10P COKE","","","",""
"J913","ALFAMART DWI WARNA [DWWN]","KZ01","CIKOKOL","KZ01","K930","FEBRI","-6.148900","106.829175","AH 10P COKE","","","",""
"J918","ALFAMART KALIBARU TIMUR 5 [KLT5]","KZ01","CIKOKOL","KZ01","K930","FEBRI","-6.170673","106.849192","AU 10P COKE","","","",""
"J930","ALFAMART TANAH SEREAL [TNS]","KZ01","CIKOKOL","KZ01","K930","FEBRI","-6.160089","106.810480","AU 8P COKE","","","",""
"J933","ALFAMART PEJAGALAN 3 [PJL3]","KZ01","CIKOKOL","KZ01","K930","FEBRI","-6.138063","106.803812","","","","",""
"J937","ALFAMART ANGGREK III [AGK]","KZ01","CIKOKOL","KZ01","K930","FEBRI","-6.21652","106.82793","","","","",""
"J937","ALFAMART ANGGREK III [AGK]","KZ01","CIKOKOL","KZ01","K930","FEBRI","-6.21652","106.82793","","","","",""
"JC15","PERCETAKAN NEGARA 38","KZ01","CIKOKOL","KZ01","K930","FEBRI","-6.1913036","106.8565921","","","","",""
"JC20","CEMPAKA PUTIH 20","KZ01","CIKOKOL","KZ01","K930","FEBRI","-6.17981","106.86711","","","","",""
"JC82","TIMAH RAYA","KZ01","CIKOKOL","KZ01","K930","FEBRI","-6.1719714","106.8529013","","","","",""
"JC90","BOUTIQUE KEMAYORAN","KZ01","CIKOKOL","KZ01","K930","FEBRI","-6.1572363","106.8524685","","","","",""
"JD36","CEMPAKA PUTIH 116","KZ01","CIKOKOL","KZ01","K930","FEBRI","-6.1768194","106.8744055","","","","",""
"JD42","PERCETAKAN NEGARA 57","KZ01","CIKOKOL","KZ01","K930","FEBRI","-6.1883861","106.862808","","","","",""
"JD74","CEMPAKA PTH UTARA 2","KZ01","CIKOKOL","KZ01","K930","FEBRI","-6.173222","106.857333","","","","",""
"K173","ALFAMART PANJANG [PJG]","KZ01","CIKOKOL","KZ01","K930","FEBRI","-6.218843","106.770261","AU 8P COKE","","","",""
"K174","ALFAMART KEAMANAN [KMN]","KZ01","CIKOKOL","KZ01","K930","FEBRI","-6.151353333333333","106.81443166666668","AU 6P COKE","","","",""
"K175","ALFAMART GG. BETET [BTT]","KZ01","CIKOKOL","KZ01","K930","FEBRI","","","","","","",""
"K178","ALFAMART JELAMBAR JAYA [KJLJ]","KZ01","CIKOKOL","KZ01","K930","FEBRI","-6.154393","106.788363","AU 10P COKE","","","",""
"K179","ALFAMART JEMBATAN LIMA [JBLM]","KZ01","CIKOKOL","KZ01","K930","FEBRI","-6.150056873448193","106.8075983505696","AU 10P COKE","","","",""
"K184","ALFAMART SAWAH LIO [KSWL]","KZ01","CIKOKOL","KZ01","K930","FEBRI","-6.147024","106.804179","AU 8P COKE","","","",""
"K186","ALFAMART ANGGREK GARUDA [AGGD]","KZ01","CIKOKOL","KZ01","K930","FEBRI","-6.1911269","106.7955527","AU 10P COKE","","","",""
"K189","ALFAMART DURI SELATAN [DUSE]","KZ01","CIKOKOL","KZ01","K930","FEBRI","-6.161453","106.806440","AU 10P COKE","","","",""
"K194","ALFAMART KALI ANYAR [KLAY]","KZ01","CIKOKOL","KZ01","K930","FEBRI","-6.155221666666667","106.79832","","","","",""
"K196","ALFAMART KRENDANG RAYA [KAYA]","KZ01","CIKOKOL","KZ01","K930","FEBRI","-6.151527","106.804820","AU 10P COKE","","","",""
"K198","ALFAMART TAWAKAL RAYA [TWRY]","KZ01","CIKOKOL","KZ01","K930","FEBRI","-6.167391772673433","106.79559473777616","AU 10P COKE","","","",""
"K202","ALFAMART KRENDANG UTARA [KRUT]","KZ01","CIKOKOL","KZ01","K930","FEBRI","-6.1479403","106.80514549","AU 10P COKE","","","",""
"K206","ALFAMART ANGKE JAYA [KAGJ]","KZ01","CIKOKOL","KZ01","K930","FEBRI","-6.142534","106.798739","AU 8P COKE","","","",""
"K206","ALFAMART ANGKE JAYA [KAGJ]","KZ01","CIKOKOL","KZ01","K930","FEBRI","-6.142534","106.798739","AU 8P COKE","","","",""
"K216","ALFAMART KERAJINAN [KRJN]","KZ01","CIKOKOL","KZ01","K930","FEBRI","-6.154394999999999","106.81148166666665","AC 8P COKE","","","",""
"K223","ALFAMART KT BAMBU UTARA I [KBU1]","KZ01","CIKOKOL","KZ01","K930","FEBRI","-6.183804","106.808311","AU 8P COKE","","","",""
"K223","ALFAMART KT BAMBU UTARA I [KBU1]","KZ01","CIKOKOL","KZ01","K930","FEBRI","-6.183804","106.808311","AU 8P COKE","","","",""
"K224","ALFAMART KEMENANGAN III [KMN3]","KZ01","CIKOKOL","KZ01","K930","FEBRI","-6.142693333333333","106.81197833333333","AU 10P COKE","","","",""
"K226","ALFAMART KOTA BAMBU II [KBU2]","KZ01","CIKOKOL","KZ01","K930","FEBRI","-6.185500","106.805061","AU 8P COKE","","","",""
"K226","ALFAMART KOTA BAMBU II [KBU2]","KZ01","CIKOKOL","KZ01","K930","FEBRI","-6.185500","106.805061","AU 8P COKE","","","",""
"K227","ALFAMART ANGKE SAMARASA [AKSA]","KZ01","CIKOKOL","KZ01","K930","FEBRI","-6.143662","106.797556","AU 6P COKE","","","",""
"K227","ALFAMART ANGKE SAMARASA [AKSA]","KZ01","CIKOKOL","KZ01","K930","FEBRI","-6.143662","106.797556","AU 6P COKE","","","",""
"K231","ALFAMART PANJANG CIDODOL [PNDL]","KZ01","CIKOKOL","KZ01","K930","FEBRI","-6.221061","106.771877","AC 10P COKE","","","",""
"K233","ALFAMART KEADILAN II [KDL2]","KZ01","CIKOKOL","KZ01","K930","FEBRI","-6.147136666666667","106.81213333333332","AU 8P COKE","","","",""
"K238","ALFAMART MANGGA BESAR 8 [MGG8]","KZ01","CIKOKOL","KZ01","K930","FEBRI","-6.150561","106.825610","AU 10P COKE","","","",""
"K238","ALFAMART MANGGA BESAR 8 [MGG8]","KZ01","CIKOKOL","KZ01","K930","FEBRI","-6.150561","106.825610","AU 10P COKE","","","",""
"K247","ALFAMART TANJUNG DUREN [TGDN]","KZ01","CIKOKOL","KZ01","K930","FEBRI","-6.173602","106.785862","AU 10P COKE","","","",""
"K249","ALFAMART JEMBATAN LIMA RAYA 3 [JLY3]","KZ01","CIKOKOL","KZ01","K930","FEBRI","-6.15337559","106.80785","AU 8P COKE","","","",""
"K258","ALFAMART JELAMBAR BARAT [JRBT]","KZ01","CIKOKOL","KZ01","K930","FEBRI","-6.1461493","106.7832278","AU 8P COKE","","","",""
"K260","ALFAMART JELAMBAR UTAMA [KJRU]","KZ01","CIKOKOL","KZ01","K930","FEBRI","-6.152480","106.781534","AU 8P COKE","","","",""
"K265","ALFAMART DR. SUSILO III [DRS3]","KZ01","CIKOKOL","KZ01","K930","FEBRI","-6.157879","106.808502","","","","",""
"K268","ALFAMART DUTA MAS [DTMS]","KZ01","CIKOKOL","KZ01","K930","FEBRI","-6.14619512","106.78067782","AU 10P COKE","","","",""
"K270","ALFAMART TAMAN HARAPAN INDAH/F [KTHI]","KZ01","CIKOKOL","KZ01","K930","FEBRI","-6.144099","106.787824","AU 6P COKE","","","",""
"K271","ALFAMART PEJAGALAN 2 [PGL2]","KZ01","CIKOKOL","KZ01","K930","FEBRI","-6.138352","106.802911","AU 8P COKE","","","",""
"K279","ALFAMART RAYA DURI UTARA [RADU]","KZ01","CIKOKOL","KZ01","K930","FEBRI","-6.154578","106.806557","AC 8P COKE","","","",""
"K280","ALFAMART KEMANGGISAN [KMSN]","KZ01","CIKOKOL","KZ01","K930","FEBRI","-6.1965991","106.787588","AU 8P COKE","","","",""
"K281","ALFAMART KEMANGGISAN 4 [KMG4]","KZ01","CIKOKOL","KZ01","K930","FEBRI","-6.1976048","106.7876609","AU 10P COKE","","","",""
"K284","ALFAMART ANGGREK GARUDA/F [AKGA]","KZ01","CIKOKOL","KZ01","K930","FEBRI","-6.19508318","106.79496743","AU 8P COKE","","","",""
"K288","ALFAMART KEBON JERUK RAYA 2 [KJR2]","KZ01","CIKOKOL","KZ01","K930","FEBRI","-6.197597","106.773082","AU 8P COKE","","","",""
"K289","ALFAMART KEDOYA DURI RAYA [DOYA]","KZ01","CIKOKOL","KZ01","K930","FEBRI","-6.181099","106.762152","AU 8P COKE","","","",""
"K292","ALFAMART KEDOYA 3 [KDY3]","KZ01","CIKOKOL","KZ01","K930","FEBRI","-6.166340","106.764110","AU 8P COKE","","","",""
"K293","ALFAMART KEDOYA RAYA [KDYA]","KZ01","CIKOKOL","KZ01","K930","FEBRI","-6.177531494759023","106.75772158429027","AU 8P COKE","","","",""
"K293","ALFAMART KEDOYA RAYA [KDYA]","KZ01","CIKOKOL","KZ01","K930","FEBRI","-6.177531494759023","106.75772158429027","AU 8P COKE","","","",""
"K294","ALFAMART KEBON JERUK IX [KJIX]","KZ01","CIKOKOL","KZ01","K930","FEBRI","-6.153547414286411","106.82099430157588","AC 8P COKE","","","",""
"K316","ALFAMART SUKARJO WIRYO P [SWP]","KZ01","CIKOKOL","KZ01","K930","FEBRI","-6.161032521006416","106.8266924132239","AU 10P COKE","","","",""
"K360","ALFAMART KEMANGGISAN II/F [KSN2]","KZ01","CIKOKOL","KZ01","K930","FEBRI","-6.202918","106.787799","AU 6P COKE","","","",""
"K362","ALFAMART KEBON RAYA [KBRA]","KZ01","CIKOKOL","KZ01","K930","FEBRI","-6.185484","106.773870","AU 8P NON COKE","","","",""
"K409","ALFAMART SULAIMAN [IMAN]","KZ01","CIKOKOL","KZ01","K930","FEBRI","-6.195147","106.769062","AU 10P COKE","","","",""
"K451","ALFAMART JL. KOPI [JKPI]","KZ01","CIKOKOL","KZ01","K930","FEBRI","-6.133952273818498","106.8103049248714","AU 10P COKE","","","",""
"K457","ALFAMART SASAK [SSAK]","KZ01","CIKOKOL","KZ01","K930","FEBRI","-6.208545","106.770005","AU 12P COKE","","","",""
"K460","ALFAMART KEDOYA RAYA 2 [AYA2]","KZ01","CIKOKOL","KZ01","K930","FEBRI","-6.1790691","106.7580245","AU 8P COKE","","","",""
"K460","ALFAMART KEDOYA RAYA 2 [AYA2]","KZ01","CIKOKOL","KZ01","K930","FEBRI","-6.1790691","106.7580245","AU 8P COKE","","","",""
"K466","ALFAMART JL. ASSIROT [ASRT]","KZ01","CIKOKOL","KZ01","K930","FEBRI","-6.225721","106.774965","AU 10P COKE","","","",""
"K481","ALFAMART KEBON JERUK IX 2 [JIX2]","KZ01","CIKOKOL","KZ01","K930","FEBRI","-6.1527897442656565","106.82103670346056","AU 10P COKE","","","",""
"K504","ALFAMART KBN JERUK RAYA 3 [KJR3]","KZ01","CIKOKOL","KZ01","K930","FEBRI","-6.1986929923295975","106.76557132042944","AU 8P COKE","","","",""
"K505","ALFAMART JELAMBAR UTAMA 2 [JU2]","KZ01","CIKOKOL","KZ01","K930","FEBRI","-6.152878","106.785117","AU 8P COKE","","","",""
"K508","ALFAMART KEDOYA DURI 2 [KOR2]","KZ01","CIKOKOL","KZ01","K930","FEBRI","-6.183506","106.766912","AU 8P COKE","","","",""
"K509","ALFAMART RAWA KEPA 2 [RWK2]","KZ01","CIKOKOL","KZ01","K930","FEBRI","-6.1717001","106.8030513","AU 8P COKE","","","",""
"K511","ALFAMART SYAHDAN [SYDN]","KZ01","CIKOKOL","KZ01","K930","FEBRI","-6.200756281614304","106.78755219094455","AU 10P COKE","","","",""
"K525","ALFAMART KELAPA DUA KBN JERUK/F [KDKJ]","KZ01","CIKOKOL","KZ01","K930","FEBRI","-6.212276","106.769550","AC 8P COKE","","","",""
"K563","ALFAMART H KELIK [HKLK]","KZ01","CIKOKOL","KZ01","K930","FEBRI","-6.2086653197184205","106.76679365336895","AU 8P COKE","","","",""
"K577","ALFAMART LAPANGAN BOLA [LPBA]","KZ01","CIKOKOL","KZ01","K930","FEBRI","-6.20052","106.5925406","AU 10P COKE","","","",""
"K583","ALFAMART ANGGREK ROSLIANA [ROSA]","KZ01","CIKOKOL","KZ01","K930","FEBRI","-6.194287883117795","106.79190130904317","AU 10P COKE","","","",""
"K586","ALFAMART TSS DURI SELATAN [TSDS]","KZ01","CIKOKOL","KZ01","K930","FEBRI","-6.156745","106.804838","AU 8P COKE","","","",""
"K592","ALFAMART TAWAKAL 3 [TWL3]","KZ01","CIKOKOL","KZ01","K930","FEBRI","-6.1695519","106.79637376","AC 10P COKE","","","",""
"K691","ALFAMART PALMERAH BARAT [PMR]","KZ01","CIKOKOL","KZ01","K930","FEBRI","-6.208556","106.789074","AU 8P COKE","","","",""
"K697","ALFAMART KEBAYORAN LAMA 5 [YOR5]","KZ01","CIKOKOL","KZ01","K930","FEBRI","-6.220924","106.778563","AU 12P COKE","","","",""
"K734","ALFAMART MASJID AS SURUR[MASR]","KZ01","CIKOKOL","KZ01","K930","FEBRI","-6.199832889251411","106.76625343970954","AU 8P COKE","","","",""
"K791","ALFAMART KARBELA/F [BELA]","KZ01","CIKOKOL","KZ01","K930","FEBRI","-6.2137778","106.8266488","AU 8P COKE","","","",""
"K791","ALFAMART KARBELA/F [BELA]","KZ01","CIKOKOL","KZ01","K930","FEBRI","-6.2137778","106.8266488","AU 8P COKE","","","",""
"K792","ALFAMART KARBELA 2 [BEL2]","KZ01","CIKOKOL","KZ01","K930","FEBRI","-6.2154405","106.8280803","AU 10P COKE","","","",""
"K792","ALFAMART KARBELA 2 [BEL2]","KZ01","CIKOKOL","KZ01","K930","FEBRI","-6.2154405","106.8280803","AU 10P COKE","","","",""
"K793","ALFAMART MENTENG ATAS [MTAS]","KZ01","CIKOKOL","KZ01","K930","FEBRI","-6.214117","106.840314","AU 8P COKE","","","",""
"K796","ALFAMART KPDK/F [KPDK]","KZ01","CIKOKOL","KZ01","K930","FEBRI","-6.208942","106.824401","","","","",""
"K798","ALFAMART BUKIT DURI [BDRI]","KZ01","CIKOKOL","KZ01","K930","FEBRI","-6.221738","106.858852","AU 8P COKE","","","",""
"K798","ALFAMART BUKIT DURI [BDRI]","KZ01","CIKOKOL","KZ01","K930","FEBRI","-6.221738","106.858852","AU 8P COKE","","","",""
"K799","ALFAMART BUKIT DURI SELATAN [BDRS]","KZ01","CIKOKOL","KZ01","K930","FEBRI","-6.220805","106.854162","AU 10P COKE","","","",""
"K799","ALFAMART BUKIT DURI SELATAN [BDRS]","KZ01","CIKOKOL","KZ01","K930","FEBRI","-6.220805","106.854162","AU 10P COKE","","","",""
"K799","ALFAMART BUKIT DURI SELATAN [BDRS]","KZ01","CIKOKOL","KZ01","K930","FEBRI","-6.220805","106.854162","AU 10P COKE","","","",""
"K799","ALFAMART BUKIT DURI SELATAN [BDRS]","KZ01","CIKOKOL","KZ01","K930","FEBRI","-6.220805","106.854162","AU 10P COKE","","","",""
"K802","ALFAMART BARKAH [BKAH]","KZ01","CIKOKOL","KZ01","K930","FEBRI","-6.220907","106.849772","AU 10P COKE","","","",""
"K802","ALFAMART BARKAH [BKAH]","KZ01","CIKOKOL","KZ01","K930","FEBRI","-6.220907","106.849772","AU 10P COKE","","","",""
"K802","ALFAMART BARKAH [BKAH]","KZ01","CIKOKOL","KZ01","K930","FEBRI","-6.220907","106.849772","AU 10P COKE","","","",""
"K803","ALFAMART RASAMALA/F [MALA]","KZ01","CIKOKOL","KZ01","K930","FEBRI","-6.211103","106.842090","AU 8P COKE","","","",""
"K804","ALFAMART PSPT TEBET [PSPT]","KZ01","CIKOKOL","KZ01","K930","FEBRI","-6.234816","106.856755","AU 12P COKE","","","",""
"K804","ALFAMART PSPT TEBET [PSPT]","KZ01","CIKOKOL","KZ01","K930","FEBRI","-6.234816","106.856755","AU 12P COKE","","","",""
"K805","ALFAMART TEBET RAYA [TBET]","KZ01","CIKOKOL","KZ01","K930","FEBRI","-6.229585","106.853200","AU 10P COKE","","","",""
"K805","ALFAMART TEBET RAYA [TBET]","KZ01","CIKOKOL","KZ01","K930","FEBRI","-6.229585","106.853200","AU 10P COKE","","","",""
"K805","ALFAMART TEBET RAYA [TBET]","KZ01","CIKOKOL","KZ01","K930","FEBRI","-6.229585","106.853200","AU 10P COKE","","","",""
"K849","ALFAMART LOKASARI [LOSI]","KZ01","CIKOKOL","KZ01","K930","FEBRI","-6.14759","106.82354666666667","","","","",""
"K856","ALFAMART GAJAH MADA 2 [GMA2]","KZ01","CIKOKOL","KZ01","K930","FEBRI","-6.157003249973059","106.81831050664186","","","","",""
"K864","ALFAMART SOEPOMO/F [SPOM]","KZ01","CIKOKOL","KZ01","K930","FEBRI","-6.221040","106.853914","AU 8P COKE","","","",""
"K874","ALFAMART SAWO KECIK [SWOK]","KZ01","CIKOKOL","KZ01","K930","FEBRI","-6.223894","106.855144","AU 8P COKE","","","",""
"K874","ALFAMART SAWO KECIK [SWOK]","KZ01","CIKOKOL","KZ01","K930","FEBRI","-6.223894","106.855144","AU 8P COKE","","","",""
"K881","ALFAMART MANGGA BESAR RAYA 2 [MBS2]","KZ01","CIKOKOL","KZ01","K930","FEBRI","-6.148793","106.825211","AU 8P COKE","","","",""
"K881","ALFAMART MANGGA BESAR RAYA 2 [MBS2]","KZ01","CIKOKOL","KZ01","K930","FEBRI","-6.148793","106.825211","AU 8P COKE","","","",""
"K883","ALFAMART RAWA BELONG 3 [RWB3]","KZ01","CIKOKOL","KZ01","K930","FEBRI","-6.201294","106.782569","AU 10P COKE","","","",""
"K887","ALFAMART MEDIT 1 BOUGENVILLE [M1BE]","KZ01","CIKOKOL","KZ01","K930","FEBRI","-6.174300","106.788206","AU 6P COKE","","","",""
"K895","ALFAMART APT MEDIT AZALEA [AMAE]","KZ01","CIKOKOL","KZ01","K930","FEBRI","-6.175728","106.787407","AU 8P COKE","","","",""
"K900","ALFAMART KEMANGGISAN 5 [KGS5]","KZ01","CIKOKOL","KZ01","K930","FEBRI","-6.189454","106.786427","AU 8P COKE","","","",""
"K904","ALFAMART GURU MUGNI [GUMU]","KZ01","CIKOKOL","KZ01","K930","FEBRI","-6.230321","106.821793","AU 8P COKE","","","",""
"K904","ALFAMART GURU MUGNI [GUMU]","KZ01","CIKOKOL","KZ01","K930","FEBRI","-6.230321","106.821793","AU 8P COKE","","","",""
"K904","ALFAMART GURU MUGNI [GUMU]","KZ01","CIKOKOL","KZ01","K930","FEBRI","-6.230321","106.821793","AU 8P COKE","","","",""
"K905","ALFAMART PERNIAGAAN [PRGA]","KZ01","CIKOKOL","KZ01","K930","FEBRI","-6.141149743179985","106.81091667089402","","","","",""
"K913","ALFAMART JELAMBAR BARAT 2 [JBT2]","KZ01","CIKOKOL","KZ01","K930","FEBRI","-6.1505803","106.7831512","AU 8P COKE","","","",""
"K919","ALFAMART RAWA SIMPRUG [RWSG]","KZ01","CIKOKOL","KZ01","K930","FEBRI","-6.228248","106.785338","AU 8P COKE","","","",""
"K930","ALFAMART KARBELA 3 [BEL3]","KZ01","CIKOKOL","KZ01","K930","FEBRI","-6.216122824698687","106.82439216412604","AU 10P COKE","","","",""
"K930","ALFAMART KARBELA 3 [BEL3]","KZ01","CIKOKOL","KZ01","K930","FEBRI","-6.216122824698687","106.82439216412604","AU 10P COKE","","","",""
"K934","ALFAMART TAMAN DAAN MOGOT [TDMO]","KZ01","CIKOKOL","KZ01","K930","FEBRI","-6.169095","106.784601","AU 10P COKE","","","",""
"K940","ALFAMART JL. ANGGREK [AGRE]","KZ01","CIKOKOL","KZ01","K930","FEBRI","-6.203265655785799","106.77225513383746","AU 12P COKE","","","",""
"K942","ALFAMART MELAYU KECIL [MYUK]","KZ01","CIKOKOL","KZ01","K930","FEBRI","-6.224767","106.862980","AU 8P COKE","","","",""
"k942","ALFAMART MELAYU KECIL [MYUK]","KZ01","CIKOKOL","KZ01","K930","FEBRI","-6.224767","106.862980","AU 8P COKE","","","",""
"K942","ALFAMART MELAYU KECIL [MYUK]","KZ01","CIKOKOL","KZ01","K930","FEBRI","-6.224767","106.862980","AU 8P COKE","","","",""
"K943","ALFAMART SENI BUDAYA JLMBAR 2 [SNBA]","KZ01","CIKOKOL","KZ01","K930","FEBRI","-6.1508877","106.78628505","AU 10P COKE","","","",""
"K951","ALFAMART JELAMBAR HADIAH [JRHA]","KZ01","CIKOKOL","KZ01","K930","FEBRI","-6.160011","106.785737","AU 10P COKE","","","",""
"K958","ALFAMART POS PENGUMBEN 2 [PPE2]","KZ01","CIKOKOL","KZ01","K930","FEBRI","-6.216488","106.769750","AU 10P COKE","","","",""
"K975","ALFAMART BANDENGAN SELATAN [BDGS]","KZ01","CIKOKOL","KZ01","K930","FEBRI","-6.1368213","106.8004096","AU 8P COKE","","","",""
"KA03","ALFAMART H. KELIK 2 [KLI2]","KZ01","CIKOKOL","KZ01","K930","FEBRI","-6.2092828983440995","106.7607691604644","AC 8P COKE","","","",""
"KA16","ALFAMART KEBAYORAN LAMA 6 [KBL6]","KZ01","CIKOKOL","KZ01","K930","FEBRI","-6.213343","106.780096","AU 10P COKE","","","",""
"KA24","ALFAMART POS PENGUMBEN 3 [PPE3]","KZ01","CIKOKOL","KZ01","K930","FEBRI","-6.216391674242914","106.77063072100282","AU 10P COKE","","","",""
"KA32","ALFAMART PTB ANGKE 3 [PTB3]","KZ01","CIKOKOL","KZ01","K930","FEBRI","-6.142456","106.798778","AU 8P COKE","","","",""
"KA32","ALFAMART PTB ANGKE 3 [PTB3]","KZ01","CIKOKOL","KZ01","K930","FEBRI","-6.142456","106.798778","AU 8P COKE","","","",""
"KA33","ALFAMART TEBET TIMUR RAYA [TBTR]","KZ01","CIKOKOL","KZ01","K930","FEBRI","-6.232477","106.853056","AU 8P COKE","","","",""
"KA33","ALFAMART TEBET TIMUR RAYA [TBTR]","KZ01","CIKOKOL","KZ01","K930","FEBRI","-6.232477","106.853056","AU 8P COKE","","","",""
"KA33","ALFAMART TEBET TIMUR RAYA [TBTR]","KZ01","CIKOKOL","KZ01","K930","FEBRI","-6.232477","106.853056","AU 8P COKE","","","",""
"KA52","ALFAMART KEMENANGAN III - 2 [KN32]","KZ01","CIKOKOL","KZ01","K930","FEBRI","-6.144463333333334","106.81197833333333","AU 8P COKE","","","",""
"KA60","ALFAMART BANDENGAN SELATAN 2 [BSE2]","KZ01","CIKOKOL","KZ01","K930","FEBRI","-6.136238174512982","106.80453962646425","AU 10P COKE","","","",""
"KB04","ALFAMART DURI SELATAN 2 [DIS2]","KZ01","CIKOKOL","KZ01","K930","FEBRI","-6.157579","106.806125","AU 6P COKE","","","",""
"KB04","ALFAMART DURI SELATAN 2 [DIS2]","KZ01","CIKOKOL","KZ01","K930","FEBRI","-6.157579","106.806125","AU 6P COKE","","","",""
"KB12","ALFAMART MAKALIWE 2/F [MKLW]","KZ01","CIKOKOL","KZ01","K930","FEBRI","-6.16182234","106.79290662","AU 6P COKE","","","",""
"KB13","ALFAMART KS. TUBUN [KTBU]","KZ01","CIKOKOL","KZ01","K930","FEBRI","-6.199106","106.802166","AU 10P COKE","","","",""
"KB13","ALFAMART KS. TUBUN [KTBU]","KZ01","CIKOKOL","KZ01","K930","FEBRI","-6.199106","106.802166","AU 10P COKE","","","",""
"KB15","ALFAMART GREEN VILLE 3 [GRV3]","KZ01","CIKOKOL","KZ01","K930","FEBRI","-6.172265","106.776804","AU 10P COKE","","","",""
"KB18","ALFAMART KEMANGGISAN 6 [KMG6]","KZ01","CIKOKOL","KZ01","K930","FEBRI","-6.193773","106.786422","AU 10P COKE","","","",""
"KB22","ALFAMART PALMERAH BARAT 2 [PLB2]","KZ01","CIKOKOL","KZ01","K930","FEBRI","-6.207667","106.791930","AU 10P COKE","","","",""
"KB25","ALFAMART GAJAH MADA 3 [GJM3]","KZ01","CIKOKOL","KZ01","K930","FEBRI","-6.15597914904356","106.81787925772369","AU 8P COKE","","","",""
"KB26","ALFAMART KEDOYA RAYA 3 [KDR3]","KZ01","CIKOKOL","KZ01","K930","FEBRI","-6.169055420905352","106.76133661530912","AU 8P COKE","","","",""
"KB26","ALFAMART KEDOYA RAYA 3 [KDR3]","KZ01","CIKOKOL","KZ01","K930","FEBRI","-6.169055420905352","106.76133661530912","AU 8P COKE","","","",""
"KB32","ALFAMART KEDOYA GREEN GARDEN [KDGG]","KZ01","CIKOKOL","KZ01","K930","FEBRI","-6.124864","106.846352","AU 8P COKE","","","",""
"KB32","ALFAMART KEDOYA GREEN GARDEN [KDGG]","KZ01","CIKOKOL","KZ01","K930","FEBRI","-6.124864","106.846352","AU 8P COKE","","","",""
"KB47","ALFAMART GAJAH MADA 4 [GJM4]","KZ01","CIKOKOL","KZ01","K930","FEBRI","-6.1493186","106.8163086","","","","",""
"KB71","ALFAMART PERJUANGAN KBN JRK 2 [PERJ]","KZ01","CIKOKOL","KZ01","K930","FEBRI","-6.192692","106.762662","","","","",""
"KB71","PERJUANGAN KBN JRK 2","KZ01","CIKOKOL","KZ01","K930","FEBRI","-6.19267","106.76262","","","","",""
"KB76","ALFAMART BUDHI RAYA [BDIR]","KZ01","CIKOKOL","KZ01","K930","FEBRI","-6.193139","106.782253","AU 10P COKE","","","",""
"KB78","ALFAMART MANGGA BESAR 6 [MABS]","KZ01","CIKOKOL","KZ01","K930","FEBRI","-6.153216","106.825432","AU 10P COKE","","","",""
"KB78","ALFAMART MANGGA BESAR 6 [MABS]","KZ01","CIKOKOL","KZ01","K930","FEBRI","-6.153216","106.825432","AU 10P COKE","","","",""
"KB84","ALFAMART KOTA BAMBU SELATAN [KOBS]","KZ01","CIKOKOL","KZ01","K930","FEBRI","-6.180212","106.817262","AU 8P COKE","","","",""
"KB84","ALFAMART KOTA BAMBU SELATAN [KOBS]","KZ01","CIKOKOL","KZ01","K930","FEBRI","-6.180212","106.817262","AU 8P COKE","","","",""
"KB86","ALFAMART CENTRAL PARK [CRPK]","KZ01","CIKOKOL","KZ01","K930","FEBRI","-6.176248","106.789327","AU 8P NON COKE","","","",""
"KB91","ALFAMART MABES D LAPAN [MBDN]","KZ01","CIKOKOL","KZ01","K930","FEBRI","-6.148734","106.825676","AU 10P COKE","","","",""
"KB91","ALFAMART MABES D LAPAN [MBDN]","KZ01","CIKOKOL","KZ01","K930","FEBRI","-6.148734","106.825676","AU 10P COKE","","","",""
"KB92","ALFAMART JL. HADIAH [JLHD]","KZ01","CIKOKOL","KZ01","K930","FEBRI","-6.161760","106.784469","AU 8P COKE","","","",""
"KB93","ALFAMART TANJUNG DUREN TIMUR [TJDT]","KZ01","CIKOKOL","KZ01","K930","FEBRI","-6.177302","106.786900","AC 8P COKE","","","",""
"KB94","ALFAMART PANJANG GREEN GARDEN [PAGG]","KZ01","CIKOKOL","KZ01","K930","FEBRI","-6.166231","106.762964","AU 10P COKE","","","",""
"KB94","ALFAMART PANJANG GREEN GARDEN [PAGG]","KZ01","CIKOKOL","KZ01","K930","FEBRI","-6.166231","106.762964","AU 10P COKE","","","",""
"KB97","ALFAMART ASEM BARIS 3 [ASBR]","KZ01","CIKOKOL","KZ01","K930","FEBRI","-6.237198","106.860061","AU 10P COKE","","","",""
"KB98","ALFAMART LATUMETEN 3 [LAT3]","KZ01","CIKOKOL","KZ01","K930","FEBRI","-6.145747","106.793513","AU 10P COKE","","","",""
"KC03","ALFAMART TAMAN RATU [TMNR]","KZ01","CIKOKOL","KZ01","K930","FEBRI","-6.16986907","106.76773636","AU 8P NON COKE","","","",""
"KC04","ALFAMART TANJUNG DUREN 3 [TJDN]","KZ01","CIKOKOL","KZ01","K930","FEBRI","-6.182635","106.783325","AU 10P COKE","","","",""
"KC07","ALFAMART SAWAH LIO 3 [SWHL]","KZ01","CIKOKOL","KZ01","K930","FEBRI","-6.147145","106.801306","AU 8P COKE","","","",""
"KC16","ALFAMART ASEM BARIS 2 [ASMB]","KZ01","CIKOKOL","KZ01","K930","FEBRI","-6.24094","106.86040333333334","AU 10P COKE","","","",""
"KC20","ALFAMART DAAN MOGOT GROGOL [DNMG]","KZ01","CIKOKOL","KZ01","K930","FEBRI","-6.161652","106.790036","AU 8P COKE","","","",""
"KC33","ALFAMART PILAR RAYA [PIRY]","KZ01","CIKOKOL","KZ01","K930","FEBRI","-6.182825","106.761407","AU 8P NON COKE","","","",""
"KC36","ALFAMART BATUSARI KEMANGGISAN [BSKG]","KZ01","CIKOKOL","KZ01","K930","FEBRI","-6.19460969","106.78227768","AU 10P COKE","","","",""
"KC45","ALFAMART JELAMBAR UTAMA SAKTI [JBUS]","KZ01","CIKOKOL","KZ01","K930","FEBRI","-6.153630","106.779344","AC 10P COKE","","","",""
"KC49","ALFAMART APARTEMENT METROPARK [APMK]","KZ01","CIKOKOL","KZ01","K930","FEBRI","-6.18631","106.75768","","","","",""
"KC54","ALFAMART STA. CIKINI [STAC]","KZ01","CIKOKOL","KZ01","K930","FEBRI","-6.199313","106.842223","","","","",""
"KC66","ALFAMART STA. SENEN 2 [STAS]","KZ01","CIKOKOL","KZ01","K930","FEBRI","-6.175486","106.844230","AC 8P COKE","","","",""
"KC66","ALFAMART STA. SENEN 2 [STAS]","KZ01","CIKOKOL","KZ01","K930","FEBRI","-6.175486","106.844230","AC 8P COKE","","","",""
"KC69","ALFAMART INDUSTRI [INDS]","KZ01","CIKOKOL","KZ01","K930","FEBRI","-6.147676","106.836446","AU 10P COKE","","","",""
"KC73","ALFAMART KOTA BARU [KTAB]","KZ01","CIKOKOL","KZ01","K930","FEBRI","-6.169982","106.805737","AU 10P COKE","","","",""
"KC73","ALFAMART KOTA BARU [KTAB]","KZ01","CIKOKOL","KZ01","K930","FEBRI","-6.169982","106.805737","AU 10P COKE","","","",""
"KC74","ALFAMART KH. MAS MANSYUR [KHMM]","KZ01","CIKOKOL","KZ01","K930","FEBRI","-6.196874","106.814154","AU 8P COKE","","","",""
"KC74","ALFAMART KH. MAS MANSYUR [KHMM]","KZ01","CIKOKOL","KZ01","K930","FEBRI","-6.196874","106.814154","AU 8P COKE","","","",""
"KC74","ALFAMART KH. MAS MANSYUR [KHMM]","KZ01","CIKOKOL","KZ01","K930","FEBRI","-6.196874","106.814154","AU 8P COKE","","","",""
"KC75","ALFAMART SUTAN SYAHRIR [SUSY]","KZ01","CIKOKOL","KZ01","K930","FEBRI","-6.196490","106.836921","AU 10P COKE","","","",""
"KC75","ALFAMART SUTAN SYAHRIR [SUSY]","KZ01","CIKOKOL","KZ01","K930","FEBRI","-6.196490","106.836921","AU 10P COKE","","","",""
"KC76","ALFAMART KRAMAT SENTIONG 3 [KTSG]","KZ01","CIKOKOL","KZ01","K930","FEBRI","-6.186912","106.850704","AH 10P COKE","","","",""
"KC76","ALFAMART KRAMAT SENTIONG 3 [KTSG]","KZ01","CIKOKOL","KZ01","K930","FEBRI","-6.186912","106.850704","AH 10P COKE","","","",""
"KC80","ALFAMART SALEMBA TENGAH 3 [SATH]","KZ01","CIKOKOL","KZ01","K930","FEBRI","-6.192967","106.854823","AU 10P COKE","","","",""
"KC83","ALFAMART MENTENG WADAS 12/F [MENT]","KZ01","CIKOKOL","KZ01","K930","FEBRI","-6.210849","106.842076","AU 8P COKE","","","",""
"KC84","ALFAMART TAMAN KEDOYA ELOK [TMKE]","KZ01","CIKOKOL","KZ01","K930","FEBRI","-6.189778307399106","106.76376342773438","AU 8P NON COKE","","","",""
"KC85","ALFAMART KEBON RAYA 2 [KORY]","KZ01","CIKOKOL","KZ01","K930","FEBRI","-6.183807","106.777695","AU 10P COKE","","","",""
"KC90","ALFAMART DAAN MOGOT KM 11 [DAMT]","KZ01","CIKOKOL","KZ01","K930","FEBRI","-6.157606244087219","106.75959527492523","AU 10P COKE","","","",""
"KC94","ALFAMART KAMBOJA/F [KAMB]","KZ01","CIKOKOL","KZ01","K930","FEBRI","-6.178650","106.802252","AC 10P COKE","","","",""
"KC94","ALFAMART KAMBOJA/F [KAMB]","KZ01","CIKOKOL","KZ01","K930","FEBRI","-6.178650","106.802252","AC 10P COKE","","","",""
"KC97","ALFAMART MUWARDI/F [MUWA]","KZ01","CIKOKOL","KZ01","K930","FEBRI","-6.16367022","106.79674011","AU 10P COKE","","","",""
"KD01","ALFAMART PINTU BESAR [PINT]","KZ01","CIKOKOL","KZ01","K930","FEBRI","-6.1408117","106.8142633","AU 8P COKE","","","",""
"KD02","ALFAMART JUANDA 2 [JDA2]","KZ01","CIKOKOL","KZ01","K930","FEBRI","-6.1676269","106.82948","AU 8P COKE","","","",""
"KD03","ALFAMART SABANG [SABG]","KZ01","CIKOKOL","KZ01","K930","FEBRI","-6.1854323","106.8249012","AU 10P COKE","","","",""
"KD06","ALFAMART PASAR BARU [PABR]","KZ01","CIKOKOL","KZ01","K930","FEBRI","-6.1641156","106.8337947","AU 10P COKE","","","",""
"KD07","ALFAMART AIPDA KS TUBUN [AIPD]","KZ01","CIKOKOL","KZ01","K930","FEBRI","-6.185835","106.800426","AU 10P COKE","","","",""
"KD07","ALFAMART AIPDA KS TUBUN [AIPD]","KZ01","CIKOKOL","KZ01","K930","FEBRI","-6.185835","106.800426","AU 10P COKE","","","",""
"KD09","ALFAMART GURU MUGNI 2 [GURU]","KZ01","CIKOKOL","KZ01","K930","FEBRI","-6.230513","106.821702","AC 10P COKE","","","",""
"KD09","ALFAMART GURU MUGNI 2 [GURU]","KZ01","CIKOKOL","KZ01","K930","FEBRI","-6.230513","106.821702","AC 10P COKE","","","",""
"KD09","ALFAMART GURU MUGNI 2 [GURU]","KZ01","CIKOKOL","KZ01","K930","FEBRI","-6.230513","106.821702","AC 10P COKE","","","",""
"KD10","ALFAMART SETIABUDI BARAT [SETB]","KZ01","CIKOKOL","KZ01","K930","FEBRI","-6.2087318","106.8245074","AU 10P COKE","","","",""
"KD11","ALFAMART RATU MELATI [RAML]","KZ01","CIKOKOL","KZ01","K930","FEBRI","-6.169445724226534","106.76961030811071","AU 8P NON COKE","","","",""
"KD16","ALFAMART SWADAYA [SWDA]","KZ01","CIKOKOL","KZ01","K930","FEBRI","-6.213927","106.846941","","","","",""
"KD17","ALFAMART KEMANGGISAN 7 [KMG7]","KZ01","CIKOKOL","KZ01","K930","FEBRI","-6.192788","106.784855","AU 10P COKE","","","",""
"KD19","ALFAMART KRAMAT PULO 4 [KRAP]","KZ01","CIKOKOL","KZ01","K930","FEBRI","-6.183359","106.845028","AU 10P COKE","","","",""
"KD19","ALFAMART KRAMAT PULO 4 [KRAP]","KZ01","CIKOKOL","KZ01","K930","FEBRI","-6.183359","106.845028","AU 10P COKE","","","",""
"KD20","ALFAMART IMAM MAHBUD [IMAM]","KZ01","CIKOKOL","KZ01","K930","FEBRI","-6.164923","106.808268","AU 10P COKE","","","",""
"KD21","ALFAMART SURYOPRANOTO [SRYO]","KZ01","CIKOKOL","KZ01","K930","FEBRI","-6.170373","106.815879","","","","",""
"KD23","ALFAMART GROGOL PERMAI [GRLI]","KZ01","CIKOKOL","KZ01","K930","FEBRI","-6.157452","106.791739","AU 10P COKE","","","",""
"KD25","ALFAMART KARTINI [ARNI]","KZ01","CIKOKOL","KZ01","K930","FEBRI","-6.152516","106.835123","AU 10P COKE","","","",""
"KD25","ALFAMART KARTINI [ARNI]","KZ01","CIKOKOL","KZ01","K930","FEBRI","-6.152516","106.835123","AU 10P COKE","","","",""
"KD26","ALFAMART PEKAPURAN/F [PEKR]","KZ01","CIKOKOL","KZ01","K930","FEBRI","-6.149290769376906","106.81163223041308","AU 8P COKE","","","",""
"KD30","ALFAMART ARTERI KELAPA DUA [ARTE]","KZ01","CIKOKOL","KZ01","K930","FEBRI","-6.205267","106.770019","AU 10P COKE","","","",""
"KD31","ALFAMART KEMBANG RAYA 2 [KEBG]","KZ01","CIKOKOL","KZ01","K930","FEBRI","-6.182944988831878","106.83819212950766","AU 8P COKE","","","",""
"KD31","ALFAMART KEMBANG RAYA 2 [KEBG]","KZ01","CIKOKOL","KZ01","K930","FEBRI","-6.182944988831878","106.83819212950766","AU 8P COKE","","","",""
"KD32","ALFAMART BEK MURAD [BEKM]","KZ01","CIKOKOL","KZ01","K930","FEBRI","-6.216384","106.819863","","","","",""
"KD33","ALFAMART JATI BARU [JABR]","KZ01","CIKOKOL","KZ01","K930","FEBRI","-6.18373452846639","106.8123406639619","AC 10P COKE","","","",""
"KD33","ALFAMART JATI BARU [JABR]","KZ01","CIKOKOL","KZ01","K930","FEBRI","-6.18373452846639","106.8123406639619","AC 10P COKE","","","",""
"KD36","ALFAMART TEBET BARAT [TEBE]","KZ01","CIKOKOL","KZ01","K930","FEBRI","-6.233858","106.849702","AU 10P COKE","","","",""
"KD36","ALFAMART TEBET BARAT [TEBE]","KZ01","CIKOKOL","KZ01","K930","FEBRI","-6.233858","106.849702","AU 10P COKE","","","",""
"KD38","ALFAMART LATUMENTEN 11 [LATN]","KZ01","CIKOKOL","KZ01","K930","FEBRI","-6.160696","106.789671","AU 10P COKE","","","",""
"KD40","ALFAMART MANGGA DUA DALAM [MADD]","KZ01","CIKOKOL","KZ01","K930","FEBRI","-6.139936666666667","106.82528166666667","","","","",""
"KD43","ALFAMART SAWAH LUNTO [SATO]","KZ01","CIKOKOL","KZ01","K930","FEBRI","-6.213438","106.842944","AU 10P COKE","","","",""
"KD44","ALFAMART HIDUP BARU [HIRU]","KZ01","CIKOKOL","KZ01","K930","FEBRI","-6.141970","106.839095","AU 10P COKE","","","",""
"KD46","ALFAMART KRAMAT RAYA [KRRA]","KZ01","CIKOKOL","KZ01","K930","FEBRI","-6.185509","106.845379","AU 10P COKE","","","",""
"KD46","ALFAMART KRAMAT RAYA [KRRA]","KZ01","CIKOKOL","KZ01","K930","FEBRI","-6.185509","106.845379","AU 10P COKE","","","",""
"KD49","ALFAMART PERJUANGAN KBN JERUK [PNKJ]","KZ01","CIKOKOL","KZ01","K930","FEBRI","-6.195285","106.763627","AU 6P COKE","","","",""
"KD50","ALFAMART MUSI 2 [MUSI]","KZ01","CIKOKOL","KZ01","K930","FEBRI","-6.172968","106.809178","AU 8P COKE","","","",""
"KD50","ALFAMART MUSI 2 [MUSI]","KZ01","CIKOKOL","KZ01","K930","FEBRI","-6.172968","106.809178","AU 8P COKE","","","",""
"KD51","ALFAMART JEMBATAN LIMA 6 [JLMA]","KZ01","CIKOKOL","KZ01","K930","FEBRI","-6.158205298706889","106.80828147567809","AC 8P COKE","","","",""
"KD54","ALFAMART SALAM RAYA [SALR]","KZ01","CIKOKOL","KZ01","K930","FEBRI","-6.204965799115598","106.78021525964141","AU 8P COKE","","","",""
"KD55","ALFAMART STA-TANAH ABANG [STTH]","KZ01","CIKOKOL","KZ01","K930","FEBRI","-6.18404","106.81132","","","","",""
"KD56","ALFAMART KARANG ANYAR 2 [KANY]","KZ01","CIKOKOL","KZ01","K930","FEBRI","-6.1536354","106.8299191","AH 10P COKE","","","",""
"KD57","ALFAMART MANGGA BESAR I [MABR]","KZ01","CIKOKOL","KZ01","K930","FEBRI","-6.147340000000001","106.81826166666666","AH 10P COKE","","","",""
"KD58","ALFAMART MINANGKABAU [MING]","KZ01","CIKOKOL","KZ01","K930","FEBRI","-6.212485","106.844186","AH 10P COKE","","","",""
"KD58","ALFAMART MINANGKABAU [MING]","KZ01","CIKOKOL","KZ01","K930","FEBRI","-6.212485","106.844186","AH 10P COKE","","","",""
"KD58","ALFAMART MINANGKABAU [MING]","KZ01","CIKOKOL","KZ01","K930","FEBRI","-6.212485","106.844186","AH 10P COKE","","","",""
"KD63","ALFAMART TANAH SEREAL 2 [TASE]","KZ01","CIKOKOL","KZ01","K930","FEBRI","-6.1552471","106.8108574","AH 10P COKE","","","",""
"KD69","ALFAMART PANGERAN JAYAKARTA 4 [PAJT]","KZ01","CIKOKOL","KZ01","K930","FEBRI","-6.1428619","106.830089","AU 8P COKE","","","",""
"KD71","ALFAMART PANJANG CIDODOL 10 [PJCL]","KZ01","CIKOKOL","KZ01","K930","FEBRI","-6.226916","106.772012","AU 10P COKE","","","",""
"KD72","ALFAMART TAMAN RATU INDAH [TRIN]","KZ01","CIKOKOL","KZ01","K930","FEBRI","-6.167183448560536","106.76754551008344","AU 8P NON COKE","","","",""
"KD73","ALFAMART PERJUANGAN KBN JRK 3 [PJKK]","KZ01","CIKOKOL","KZ01","K930","FEBRI","-6.201675","106.765570","AU 8P COKE","","","",""
"KD74","ALFAMART THALIB [TALB]","KZ01","CIKOKOL","KZ01","K930","FEBRI","-6.158073870465159","106.81566383689642","AU 10P COKE","","","",""
"KD76","ALFAMART HAJI TOHIR [HATI]","KZ01","CIKOKOL","KZ01","K930","FEBRI","-6.2239249","106.7680692","AU 10P COKE","","","",""
"KD79","ALFAMART BUNI [BUNI]","KZ01","CIKOKOL","KZ01","K930","FEBRI","-6.145078333333333","106.82004833333333","AU 8P COKE","","","",""
"KD80","ALFAMART PLAZA KENARI MAS [PLKM]","KZ01","CIKOKOL","KZ01","K930","FEBRI","-6.191513","106.848057","AU 8P COKE","","","",""
"KD80","ALFAMART PLAZA KENARI MAS [PLKM]","KZ01","CIKOKOL","KZ01","K930","FEBRI","-6.191513","106.848057","AU 8P COKE","","","",""
"KD80","ALFAMART PLAZA KENARI MAS [PLKM]","KZ01","CIKOKOL","KZ01","K930","FEBRI","-6.191513","106.848057","AU 8P COKE","","","",""
"KD82","ALFAMART MANGGA 2 DALAM 2 [M2D2]","KZ01","CIKOKOL","KZ01","K930","FEBRI","-6.13735","106.82610000000001","","","","",""
"KD86","ALFAMART RUKO PERMATA ANCOL [RPAL]","KZ01","CIKOKOL","KZ01","K930","FEBRI","-6.13269","106.83926","","","","",""
"kd87","ALFAMART KYAI CARINGIN [KACA]","KZ01","CIKOKOL","KZ01","K930","FEBRI","-6.171219712123275","106.80821760557592","AU 8P COKE","","","",""
"KD89","ALFAMART GG MACAN 2 [GGM2]","KZ01","CIKOKOL","KZ01","K930","FEBRI","-6.16470535","106.7715538","AU 8P COKE","","","",""
"KD90","ALFAMART TEBET UTARA DALAM [TUDA]","KZ01","CIKOKOL","KZ01","K930","FEBRI","-6.2269668","106.8550109","","","","",""
"KD91","ALFAMART HARCO MANGGA 2 N 3 [HM23]","KZ01","CIKOKOL","KZ01","K930","FEBRI","-6.138556666666667","106.82868333333333","","","","",""
"KD92","ALFAMART DR SATRIO [DRSR]","KZ01","CIKOKOL","KZ01","K930","FEBRI","-6.225091377273202","106.82855017483234","AU 10P NON COKE","","","",""
"KD93","ALFAMART TANJUNG DUREN 462 [TADU]","KZ01","CIKOKOL","KZ01","K930","FEBRI","-6.170489","106.783009","AU 10P COKE","","","",""
"KD94","ALFAMART BATU TULIS RAYA [BUTY]","KZ01","CIKOKOL","KZ01","K930","FEBRI","-6.1630981","106.8259018","AU 10P COKE","","","",""
"KE03","ALFAMART KALIBARU TIMUR 7 [KITU]","KZ01","CIKOKOL","KZ01","K930","FEBRI","-6.171939","106.849076","AU 8P COKE","","","",""
"KE03","ALFAMART KALIBARU TIMUR 7 [KITU]","KZ01","CIKOKOL","KZ01","K930","FEBRI","-6.171939","106.849076","AU 8P COKE","","","",""
"KE06","ALFAMART DR SUSILO RAYA [DSRA]","KZ01","CIKOKOL","KZ01","K930","FEBRI","-6.16620928","106.79362754","AU 10P COKE","","","",""
"KE08","ALFAMART KEBON JERUK XIV [KEJE]","KZ01","CIKOKOL","KZ01","K930","FEBRI","-6.154364249669015","106.81865089572966","AU 8P COKE","","","",""
"KE09","ALFAMART PANJANG KEBON JRK 3 [PGKJ]","KZ01","CIKOKOL","KZ01","K930","FEBRI","-6.195407","106.768929","AU 12P COKE","","","",""
"KE11","ALFAMART MURIA TANJAKAN 6 [MIKA]","KZ01","CIKOKOL","KZ01","K930","FEBRI","-6.213292","106.840408","","","","",""
"KE13","ALFAMART KEMANGGISAN PULO [KEPU]","KZ01","CIKOKOL","KZ01","K930","FEBRI","-6.204311","106.789895","AU 8P COKE","","","",""
"KE14","ALFAMART P. JAYAKARTA/F [PJTA]","KZ01","CIKOKOL","KZ01","K930","FEBRI","","","","","","",""
"KE16","ALFAMART MANGGA 17 [MA17]","KZ01","CIKOKOL","KZ01","K930","FEBRI","-6.176152","106.774790","AU 10P COKE","","","",""
"KE17","ALFAMART FAHRUDIN 41 [FR41]","KZ01","CIKOKOL","KZ01","K930","FEBRI","-6.1856461","106.815747","AU 10P COKE","","","",""
"KE17","ALFAMART FAHRUDIN 41 [FR41]","KZ01","CIKOKOL","KZ01","K930","FEBRI","-6.1856461","106.815747","AU 10P COKE","","","",""
"KE18","ALFAMART SENI BUDAYA II [SEDA]","KZ01","CIKOKOL","KZ01","K930","FEBRI","-6.1499486","106.78492437","AU 8P COKE","","","",""
"KE19","ALFAMART KENDAL 24 [KL24]","KZ01","CIKOKOL","KZ01","K930","FEBRI","-6.20223","106.82390","","","","",""
"KE20","ALFAMART BANDENGAN UTARA/F [BNUR]","KZ01","CIKOKOL","KZ01","K930","FEBRI","-6.133481666666667","106.80363666666666","AU 8P COKE","","","",""
"KE21","ALFAMART MESJID AL ANWAR [MEAL]","KZ01","CIKOKOL","KZ01","K930","FEBRI","-6.210056","106.778058","AU 10P COKE","","","",""
"KE24","ALFAMART SALEMBA BLUNTAS 76 [SELU]","KZ01","CIKOKOL","KZ01","K930","FEBRI","-6.196355","106.852639","AU 8P COKE","","","",""
"KE28","ALFAMART ISA [ISA]","KZ01","CIKOKOL","KZ01","K930","FEBRI","-6.228153","106.779392","AU 10P COKE","","","",""
"KE29","ALFAMART LONTAR [LONT]","KZ01","CIKOKOL","KZ01","K930","FEBRI","-6.212362","106.844307","AU 12P COKE","","","",""
"KE30","ALFAMART MENTENG ATS SLATAN 3 [MESA]","KZ01","CIKOKOL","KZ01","K930","FEBRI","-6.217833","106.838551","AU 10P COKE","","","",""
"KE31","ALFAMART PEJOMPONGAN 3 [PEPO]","KZ01","CIKOKOL","KZ01","K930","FEBRI","-6.201241","106.782725","","","","",""
"KE33","ALFAMART MERPATI RAYA 3 [MTR3]","KZ01","CIKOKOL","KZ01","K930","FEBRI","-6.155904","106.775958","AU 10P COKE","","","",""
"KE34","ALFAMART DWI WARNA 3 [DIWA]","KZ01","CIKOKOL","KZ01","K930","FEBRI","-6.152655","106.835226","AU 10P COKE","","","",""
"KE34","ALFAMART DWI WARNA 3 [DIWA]","KZ01","CIKOKOL","KZ01","K930","FEBRI","-6.152655","106.835226","AU 10P COKE","","","",""
"KE35","ALFAMART LAUTZE 75 [LA75]","KZ01","CIKOKOL","KZ01","K930","FEBRI","-6.159385","106.829711","AU 8P COKE","","","",""
"KE35","ALFAMART LAUTZE 75 [LA75]","KZ01","CIKOKOL","KZ01","K930","FEBRI","-6.159385","106.829711","AU 8P COKE","","","",""
"KE36","ALFAMART BRIGJEN KATAMSO 22 [BIKA]","KZ01","CIKOKOL","KZ01","K930","FEBRI","-6.189180","106.799340","AU 12P COKE","","","",""
"KE36","ALFAMART BRIGJEN KATAMSO 22 [BIKA]","KZ01","CIKOKOL","KZ01","K930","FEBRI","-6.189180","106.799340","AU 12P COKE","","","",""
"KE37","ALFAMART KALIBARU TIMUR RAYA [KITA]","KZ01","CIKOKOL","KZ01","K930","FEBRI","-6.17075941991061","106.84642625972629","AU 10P COKE","","","",""
"KE37","ALFAMART KALIBARU TIMUR RAYA [KITA]","KZ01","CIKOKOL","KZ01","K930","FEBRI","-6.17075941991061","106.84642625972629","AU 10P COKE","","","",""
"KE39","ALFAMART ANGGREK CENDRAWSH 50 [ANCE]","KZ01","CIKOKOL","KZ01","K930","FEBRI","-6.195364","106.768650","AU 10P COKE","","","",""
"KE40","ALFAMART KEPU SELATAN [KESE]","KZ01","CIKOKOL","KZ01","K930","FEBRI","-6.159597","106.839160","AU 10P COKE","","","",""
"KE40","ALFAMART KEPU SELATAN [KESE]","KZ01","CIKOKOL","KZ01","K930","FEBRI","-6.159597","106.839160","AU 10P COKE","","","",""
"KE41","ALFAMART PTB ANGKE JAYA 6 [PBAJ]","KZ01","CIKOKOL","KZ01","K930","FEBRI","-6.151390","106.804982","AC 8P COKE","","","",""
"KE42","ALFAMART KEMANDORAN VIII [KEVI]","KZ01","CIKOKOL","KZ01","K930","FEBRI","-6.210982","106.784142","AU 8P NON COKE","","","",""
"KE44","ALFAMART KRAMAT LONTAR [MALO]","KZ01","CIKOKOL","KZ01","K930","FEBRI","-6.188794","106.848807","AU 8P COKE","","","",""
"KE44","ALFAMART KRAMAT LONTAR [MALO]","KZ01","CIKOKOL","KZ01","K930","FEBRI","-6.188794","106.848807","AU 8P COKE","","","",""
"KE45","ALFAMART ANGGREK CAKRA 19 [ANCA]","KZ01","CIKOKOL","KZ01","K930","FEBRI","-6.206917","106.785459","AU 10P COKE","","","",""
"KE46","ALFAMART ANDONG 33 [AN33]","KZ01","CIKOKOL","KZ01","K930","FEBRI","-6.187110","106.801483","AU 12P COKE","","","",""
"KE46","ALFAMART ANDONG 33 [AN33]","KZ01","CIKOKOL","KZ01","K930","FEBRI","-6.187110","106.801483","AU 12P COKE","","","",""
"KE49","ALFAMART BUNGUR RAYA KMY [BUAK]","KZ01","CIKOKOL","KZ01","K930","FEBRI","-6.167436","106.842431","AU 10P COKE","","","",""
"KE49","ALFAMART BUNGUR RAYA KMY [BUAK]","KZ01","CIKOKOL","KZ01","K930","FEBRI","-6.167436","106.842431","AU 10P COKE","","","",""
"KE50","ALFAMART KH MOH MANSYUR /F [KHMO]","KZ01","CIKOKOL","KZ01","K930","FEBRI","-6.148074","106.807503","","","","",""
"KE51","ALFAMART PADEMANGAN 18 [PA18]","KZ01","CIKOKOL","KZ01","K930","FEBRI","-6.139367","106.844795","AU 8P COKE","","","",""
"KE52","ALFAMART BUKIT DURI TANJAKAN [BIIT]","KZ01","CIKOKOL","KZ01","K930","FEBRI","-6.219637","106.859180","AE 10P COKE","","","",""
"KE52","ALFAMART BUKIT DURI TANJAKAN [BIIT]","KZ01","CIKOKOL","KZ01","K930","FEBRI","-6.219637","106.859180","AE 10P COKE","","","",""
"KE53","ALFAMART MANGGA BESAR TMNSARI [MBTA]","KZ01","CIKOKOL","KZ01","K930","FEBRI","-6.152335","106.823751","AU 10P COKE","","","",""
"KE53","ALFAMART MANGGA BESAR TMNSARI [MBTA]","KZ01","CIKOKOL","KZ01","K930","FEBRI","-6.152335","106.823751","AU 10P COKE","","","",""
"KE54","ALFAMART LATUMENTEN ANGKE [LAAN]","KZ01","CIKOKOL","KZ01","K930","FEBRI","-6.148084","106.794412","AU 10P COKE","","","",""
"KE54","ALFAMART LATUMENTEN ANGKE [LAAN]","KZ01","CIKOKOL","KZ01","K930","FEBRI","-6.148084","106.794412","AU 10P COKE","","","",""
"KE56","ALFAMART KOTA BAMBU [KBBU]","KZ01","CIKOKOL","KZ01","K930","FEBRI","-6.186314","106.806877","AU 8P COKE","","","",""
"KE56","ALFAMART KOTA BAMBU [KBBU]","KZ01","CIKOKOL","KZ01","K930","FEBRI","-6.186314","106.806877","AU 8P COKE","","","",""
"KE57","ALFAMART ASEM BARIS/F [AMBS]","KZ01","CIKOKOL","KZ01","K930","FEBRI","-6.225046","106.859101","AU 8P COKE","","","",""
"KE59","ALFAMART KEBAYORAN LAMA 2/F [KLM2]","KZ01","CIKOKOL","KZ01","K930","FEBRI","-6.207398","106.783591","AU 8P COKE","","","",""
"KE61","ALFAMART MUWARDI RAYA [MUYA]","KZ01","CIKOKOL","KZ01","K930","FEBRI","-6.147908","106.803824","AC 10P COKE","","","",""
"KE62","ALFAMART JEMBATAN BESI 44 [JABI]","KZ01","CIKOKOL","KZ01","K930","FEBRI","-6.15066916","106.79866631","AU 8P COKE","","","",""
"KE63","ALFAMART JATIBARU 64 [JIBU]","KZ01","CIKOKOL","KZ01","K930","FEBRI","-6.18322","106.81223","","","","",""
"KE63","ALFAMART JATIBARU 64 [JIBU]","KZ01","CIKOKOL","KZ01","K930","FEBRI","-6.18322","106.81223","","","","",""
"KE64","ALFAMART PRAMUKA 391 [P391]","KZ01","CIKOKOL","KZ01","K930","FEBRI","-6.197087","106.856581","AU 10P COKE","","","",""
"KE65","ALFAMART GUNUNG SAHARI RAYA [GUSY]","KZ01","CIKOKOL","KZ01","K930","FEBRI","-6.149454","106.834912","AU 10P COKE","","","",""
"KE65","ALFAMART GUNUNG SAHARI RAYA [GUSY]","KZ01","CIKOKOL","KZ01","K930","FEBRI","-6.149454","106.834912","AU 10P COKE","","","",""
"KE66","ALFAMART PEJAGALAN I [PELA]","KZ01","CIKOKOL","KZ01","K930","FEBRI","-6.137488","106.806886","AU 8P COKE","","","",""
"KE68","ALFAMART SAMANHUDI RAYA [SAAY]","KZ01","CIKOKOL","KZ01","K930","FEBRI","-6.159163","106.836539","","","","",""
"KE69","ALFAMART KEMANDORAN PULO 1 [KEP1]","KZ01","CIKOKOL","KZ01","K930","FEBRI","-6.207749","106.793464","AU 10P COKE","","","",""
"KE71","ALFAMART PALMERAH [PLMH]","KZ01","CIKOKOL","KZ01","K930","FEBRI","-6.207438","106.790657","AU 8P COKE","","","",""
"KE72","ALFAMART PALMERAH UTARA [PLRU]","KZ01","CIKOKOL","KZ01","K930","FEBRI","-6.201852","106.798240","AU 10P COKE","","","",""
"KE74","ALFAMART BUKIT DURI UTARA [BIDU]","KZ01","CIKOKOL","KZ01","K930","FEBRI","-6.217072","106.855014","AU 10P COKE","","","",""
"KE74","ALFAMART BUKIT DURI UTARA [BIDU]","KZ01","CIKOKOL","KZ01","K930","FEBRI","-6.217072","106.855014","AU 10P COKE","","","",""
"KE74","ALFAMART BUKIT DURI UTARA [BIDU]","KZ01","CIKOKOL","KZ01","K930","FEBRI","-6.217072","106.855014","AU 10P COKE","","","",""
"KE75","ALFAMART JELAMBAR HADIAH 2 [JEH2]","KZ01","CIKOKOL","KZ01","K930","FEBRI","-6.161507","106.781054","AU 10P COKE","","","",""
"KE76","ALFAMART JEMBATAN GAMBANG 25 [JG25]","KZ01","CIKOKOL","KZ01","K930","FEBRI","-6.141202","106.797037","","","","",""
"KE77","ALFAMART BARKAH 2 [BAR2]","KZ01","CIKOKOL","KZ01","K930","FEBRI","-6.223716","106.854797","AU 10P COKE","","","",""
"KE77","ALFAMART BARKAH 2 [BAR2]","KZ01","CIKOKOL","KZ01","K930","FEBRI","-6.223716","106.854797","AU 10P COKE","","","",""
"KE77","ALFAMART BARKAH 2 [BAR2]","KZ01","CIKOKOL","KZ01","K930","FEBRI","-6.223716","106.854797","AU 10P COKE","","","",""
"KE78","ALFAMART SALEMBA TENGAH 21 [ST21]","KZ01","CIKOKOL","KZ01","K930","FEBRI","-6.193299","106.851759","AU 10P COKE","","","",""
"KE79","ALFAMART JEMBATAN BESI VIII [JESI]","KZ01","CIKOKOL","KZ01","K930","FEBRI","-6.15253263","106.79758184","AU 8P COKE","","","",""
"KE80","ALFAMART ASEM BARIS 9 [ABA9]","KZ01","CIKOKOL","KZ01","K930","FEBRI","-6.23149108607322","106.85947076417506","AU 8P COKE","","","",""
"KE81","ALFAMART JELAMBAR BARU VIII [JEBU]","KZ01","CIKOKOL","KZ01","K930","FEBRI","-6.185738","106.772865","AU 10P COKE","","","",""
"KE86","ALFAMART JL BENDUNGAN JTLUHUR [JLBJ]","KZ01","CIKOKOL","KZ01","K930","FEBRI","-6.214723","106.813300","AU 10P COKE","","","",""
"KE86","ALFAMART JL BENDUNGAN JTLUHUR [JLBJ]","KZ01","CIKOKOL","KZ01","K930","FEBRI","-6.214723","106.813300","AU 10P COKE","","","",""
"KE89","ALFAMART KSB LOKOMART SENEN/F [KLOS]","KZ01","CIKOKOL","KZ01","K930","FEBRI","-6.174049","106.843680","AC 6P COKE","","","",""
"KE89","ALFAMART KSB LOKOMART SENEN/F [KLOS]","KZ01","CIKOKOL","KZ01","K930","FEBRI","-6.174049","106.843680","AC 6P COKE","","","",""
"KE91","ALFAMART JL H 28 KEBON BARU [JHKB]","KZ01","CIKOKOL","KZ01","K930","FEBRI","-6.235128999687731","106.86235707253218","AU 8P COKE","","","",""
"KE92","ALFAMART RAWA KEPA 39 [RK39]","KZ01","CIKOKOL","KZ01","K930","FEBRI","-6.17261163","106.80140759","AC 10P NON COKE","","","",""
"KE92","RAWA KEPA 39","KZ01","CIKOKOL","KZ01","K930","FEBRI","-6.1725073","106.8015061","","","","",""
"KE94","ALFAMART BLORA MENTENG [BOME]","KZ01","CIKOKOL","KZ01","K930","FEBRI","","","","","","",""
"KE95","ALFAMART KEBON KACANG 30 [KK30]","KZ01","CIKOKOL","KZ01","K930","FEBRI","-6.1931732","106.8206769","AU 8P COKE","","","",""
"KE95","KEBON KACANG 30","KZ01","CIKOKOL","KZ01","K930","FEBRI","-6.1929924","106.8207764","","","","",""
"KE96","ALFAMART KETAPANG UTARA 139 [KU13]","KZ01","CIKOKOL","KZ01","K930","FEBRI","-6.1585165","106.8179985","AU 10P COKE","","","",""
"KE97","ALFAMART PECENONGAN 46 [PN46]","KZ01","CIKOKOL","KZ01","K930","FEBRI","-6.165587576106191","106.82613174431026","AU 8P COKE","","","",""
"KE98","ALFAMART MENTENG PULO [MEPU]","KZ01","CIKOKOL","KZ01","K930","FEBRI","-6.217772","106.838467","AU 10P COKE","","","",""
"KF03","ALFAMART KS TUBUN 107 [KST7]","KZ01","CIKOKOL","KZ01","K930","FEBRI","-6.197042","106.804670","AU 12P COKE","","","",""
"KF03","ALFAMART KS TUBUN 107 [KST7]","KZ01","CIKOKOL","KZ01","K930","FEBRI","-6.197042","106.804670","AU 12P COKE","","","",""
"KF04","ALFAMART SYAHDAN RAYA/F [SHYA]","KZ01","CIKOKOL","KZ01","K930","FEBRI","-6.2005881","106.7843991","AU 8P COKE","","","",""
"KF07","ALFAMART MANDALA 37 [MA37]","KZ01","CIKOKOL","KZ01","K930","FEBRI","-6.1756117","106.7988993","AC 10P COKE","","","",""
"KF08","ALFAMART GREEN GARDEN A13 [GA13]","KZ01","CIKOKOL","KZ01","K930","FEBRI","-6.165790585801005","106.76174414344132","AC 10P COKE","","","",""
"KF08","ALFAMART GREEN GARDEN A13 [GA13]","KZ01","CIKOKOL","KZ01","K930","FEBRI","-6.165790585801005","106.76174414344132","AC 10P COKE","","","",""
"KF08","GREEN GARDEN A13","KZ01","CIKOKOL","KZ01","K930","FEBRI","-6.165738425","106.7614309","","","","",""
"KF09","ALFAMART KRENDANG UTARA II [KNTA]","KZ01","CIKOKOL","KZ01","K930","FEBRI","-6.1481952","106.8036935","AC 10P COKE","","","",""
"KF09","KRENDANG UTARA II","KZ01","CIKOKOL","KZ01","K930","FEBRI","-6.1481497","106.8037406","","","","",""
"kf10","ALFAMART BALIKPAPAN 11 [BLPN]","KZ01","CIKOKOL","KZ01","K930","FEBRI","-6.1708794","106.8129458","AC 10P COKE","","","",""
"KF10","BALIKPAPAN 11","KZ01","CIKOKOL","KZ01","K930","FEBRI","-6.1709334","106.8120981","","","","",""
"KF11","ALFAMART DURI MAS RAYA [DMAY]","KZ01","CIKOKOL","KZ01","K930","FEBRI","-6.179046","106.771539","AU 10P COKE","","","",""
"KF11","DURI MAS RAYA","KZ01","CIKOKOL","KZ01","K930","FEBRI","-6.179003","106.771572","","","","",""
"KF13","ALFAMART RAJAWALI SELATAN 9 [RJSN]","KZ01","CIKOKOL","KZ01","K930","FEBRI","-6.148017","106.838230","AC 10P COKE","","","",""
"KF15","ALFAMART KS TUBUN 88A [KSUA]","KZ01","CIKOKOL","KZ01","K930","FEBRI","-6.192054","106.805579","AC 12P COKE","","","",""
"KF15","ALFAMART KS TUBUN 88A [KSUA]","KZ01","CIKOKOL","KZ01","K930","FEBRI","-6.192054","106.805579","AC 12P COKE","","","",""
"KF15","KS TUBUN 88A","KZ01","CIKOKOL","KZ01","K930","FEBRI","-6.1916418","106.805951","","","","",""
"KF16","ALFAMART GUDANG PELURU 10 [GAPL]","KZ01","CIKOKOL","KZ01","K930","FEBRI","-6.227749","106.862259","AU 10P COKE","","","",""
"KF16","ALFAMART GUDANG PELURU 10 [GAPL]","KZ01","CIKOKOL","KZ01","K930","FEBRI","-6.227749","106.862259","AU 10P COKE","","","",""
"KF16","ALFAMART GUDANG PELURU 10 [GAPL]","KZ01","CIKOKOL","KZ01","K930","FEBRI","-6.227749","106.862259","AU 10P COKE","","","",""
"KF16","GUDANG PELURU 10","KZ01","CIKOKOL","KZ01","K930","FEBRI","","","","","","",""
"KF20","ALFAMART MANGGA BESAR IX-105 [MBS9]","KZ01","CIKOKOL","KZ01","K930","FEBRI","-6.1459150000000005","106.82381","AC 8P COKE","","","",""
"KF22","ALFAMART BUNGUR 31 [BNG3]","KZ01","CIKOKOL","KZ01","K930","FEBRI","-6.230418","106.821472","AC 10P COKE","","","",""
"KF22","ALFAMART BUNGUR 31 [BNG3]","KZ01","CIKOKOL","KZ01","K930","FEBRI","-6.230418","106.821472","AC 10P COKE","","","",""
"KF22","ALFAMART BUNGUR 31 [BNG3]","KZ01","CIKOKOL","KZ01","K930","FEBRI","-6.230418","106.821472","AC 10P COKE","","","",""
"KF22","BUNGUR 31","KZ01","CIKOKOL","KZ01","K930","FEBRI","-6.1595622","106.8395589","","","","",""
"KF23","ALFAMART PANJANG RAYA 9","KZ01","CIKOKOL","KZ01","K930","FEBRI","-6.171135054901242","106.7653645388782","AC 10P COKE","","","",""
"KF23","JL PANJANG NO 9","KZ01","CIKOKOL","KZ01","K930","FEBRI","-6.170719","106.7654414","","","","",""
"KF24","ALFAMART ASEM BARIS NO.15 [ABRS]","KZ01","CIKOKOL","KZ01","K930","FEBRI","-6.2261413","106.8590278","AC 10P COKE","","","",""
"KF26","ALFAMART DURI RAYA 108 [DRYA]","KZ01","CIKOKOL","KZ01","K930","FEBRI","-6.1858951","106.7729512","AU 10P COKE","","","",""
"KF26","DURI RAYA 108","KZ01","CIKOKOL","KZ01","K930","FEBRI","-6.185891","106.772968","","","","",""
"KF27","ALFAMART RADEN SALEH 39 [RDSH]","KZ01","CIKOKOL","KZ01","K930","FEBRI","-6.1923372","106.8420854","AC 10P COKE","","","",""
"KF27","ALFAMART RADEN SALEH 39 [RDSH]","KZ01","CIKOKOL","KZ01","K930","FEBRI","-6.1923372","106.8420854","AC 10P COKE","","","",""
"KF27","RADEN SALEH 39","KZ01","CIKOKOL","KZ01","K930","FEBRI","-6.1923479","106.8419316","","","","",""
"KF29","ALFAMART ASEM BARIS 28 [ASBI]","KZ01","CIKOKOL","KZ01","K930","FEBRI","-6.2389788","106.860302","AU 10P COKE","","","",""
"KF29","ASEM BARIS 28","KZ01","CIKOKOL","KZ01","K930","FEBRI","-6.2390476","106.8602648","","","","",""
"KF30","ALFAMART HAYAM WURUK 65 [HYRK]","KZ01","CIKOKOL","KZ01","K930","FEBRI","-6.1576666666666675","106.81884333333333","AC 10P COKE","","","",""
"KF30","HAYAM WURUK 65","KZ01","CIKOKOL","KZ01","K930","FEBRI","-6.1577544","106.8186003","","","","",""
"KF31","ALFAMART ANTARA 67 [ANTR]","KZ01","CIKOKOL","KZ01","K930","FEBRI","-6.16560","106.83445","AU 10P COKE","","","",""
"KF31","ANTARA 67","KZ01","CIKOKOL","KZ01","K930","FEBRI","-6.165621","106.83446","","","","",""
"KF33","ALFAMART KARET PEDURENAN 45 [KRUA]","KZ01","CIKOKOL","KZ01","K930","FEBRI","-6.220941413193941","106.82854481041431","AU 12P COKE","","","",""
"KF33","ALFAMART PEDURENAN 45","KZ01","CIKOKOL","KZ01","K930","FEBRI","-6.220941413193941","106.82854481041431","AU 12P COKE","","","",""
"KF33","ALFAMART PEDURENAN 45","KZ01","CIKOKOL","KZ01","K930","FEBRI","-6.220941413193941","106.82854481041431","AU 12P COKE","","","",""
"KF33","KARET PEDURENAN 45","KZ01","CIKOKOL","KZ01","K930","FEBRI","-6.2210077","106.8285674","","","","",""
"KF34","ALFAMART KEBON JERUK RAYA 01A [KR01]","KZ01","CIKOKOL","KZ01","K930","FEBRI","-6.145743","106.826353","AC 10P COKE","","","",""
"KF34","KEBON JERUK RAYA 01A","KZ01","CIKOKOL","KZ01","K930","FEBRI","-6.1988835","106.7810801","","","","",""
"KF36","KSB RSPAD 1","KZ01","CIKOKOL","KZ01","K930","FEBRI","-6.1758187","106.8384842","","","","",""
"KF37","KAWI RAYA 16","KZ01","CIKOKOL","KZ01","K930","FEBRI","-6.2105406","106.8343173","","","","",""
"KF38","ALFAMART MANGGA 01 [MNG1]","KZ01","CIKOKOL","KZ01","K930","FEBRI","-6.177845","106.778897","","","","",""
"KF38","JL. MANGGA NO.01","KZ01","CIKOKOL","KZ01","K930","FEBRI","-6.1779518","106.7788757","","","","",""
"KF45","PALMERAH UTARA 62FGH","KZ01","CIKOKOL","KZ01","K930","FEBRI","-6.2038386","106.7966748","","","","",""
"KF46","ALFAMART MANGGA BESAR XI","KZ01","CIKOKOL","KZ01","K930","FEBRI","-6.1470199999999995","106.82534166666667","AC 10P COKE","","","",""
"KF46","ALFAMART MANGGA BESAR XI","KZ01","CIKOKOL","KZ01","K930","FEBRI","-6.1470199999999995","106.82534166666667","AC 10P COKE","","","",""
"KF47","ALFAMART HARUN RAYA [HNRY]","KZ01","CIKOKOL","KZ01","K930","FEBRI","-6.203633998520672","106.77629437297583","AC 8P COKE","","","",""
"KF48","ALFAMART MENARA CYBER [MCBR]","KZ01","CIKOKOL","KZ01","K930","FEBRI","-6.2265311","106.8319871","","","","",""
"KF48","ALFAMART MENARA CYBER [MCBR]","KZ01","CIKOKOL","KZ01","K930","FEBRI","-6.2265311","106.8319871","","","","",""
"KF48","ALFAMART MENARA CYBER [MCBR]","KZ01","CIKOKOL","KZ01","K930","FEBRI","-6.2265311","106.8319871","","","","",""
"KF49","ALFAMART AL BARKAH NO 33 [ALBA]","KZ01","CIKOKOL","KZ01","K930","FEBRI","-6.220520","106.848260","AC 10P COKE","","","",""
"KF49","ALFAMART AL BARKAH NO 33 [ALBA]","KZ01","CIKOKOL","KZ01","K930","FEBRI","-6.220520","106.848260","AC 10P COKE","","","",""
"KF49","ALFAMART AL BARKAH NO 33 [ALBA]","KZ01","CIKOKOL","KZ01","K930","FEBRI","-6.220520","106.848260","AC 10P COKE","","","",""
"KF50","TAMAN ISMAIL MARZUKI","KZ01","CIKOKOL","KZ01","K930","FEBRI","-6.1906116","106.8382474","","","","",""
"KF51","ALFAMART TEBET TIMUR DALAM 61 [TIML]","KZ01","CIKOKOL","KZ01","K930","FEBRI","-6.226860","106.854892","AC 10P COKE","","","",""
"KF51","ALFAMART TEBET TIMUR DALAM 61 [TIML]","KZ01","CIKOKOL","KZ01","K930","FEBRI","-6.226860","106.854892","AC 10P COKE","","","",""
"KF51","ALFAMART TEBET TIMUR DALAM 61 [TIML]","KZ01","CIKOKOL","KZ01","K930","FEBRI","-6.226860","106.854892","AC 10P COKE","","","",""
"KF51","TEBET TIMUR DALAM 61","KZ01","CIKOKOL","KZ01","K930","FEBRI","-6.2378257","106.8566012","","","","",""
"KF53","ALFAMART CIDENG BARAT 74 [CNBA]","KZ01","CIKOKOL","KZ01","K930","FEBRI","-6.178664","106.812137","","","","",""
"KF53","CIDENG BARAT 74","KZ01","CIKOKOL","KZ01","K930","FEBRI","-6.1765258","106.812545","","","","",""
"KF54","ALFAMART TANJUNG DUREN BARAT [TNDR]","KZ01","CIKOKOL","KZ01","K930","FEBRI","-6.177920","106.781412","AC 8P COKE","","","",""
"KF55","ALFAMART JL KEBAHAGIAAN [KBHN]","KZ01","CIKOKOL","KZ01","K930","FEBRI","-6.1545416","106.8168115","AC 10P COKE","","","",""
"KF55","JL KEBAHAGIAAN","KZ01","CIKOKOL","KZ01","K930","FEBRI","-6.1545416","106.8168115","","","","",""
"KF56","JL PAHLAWAN","KZ01","CIKOKOL","KZ01","K930","FEBRI","-6.2177358","106.7668287","","","","",""
"KF57","ALFAMART BUKIT DURI SELATAN 5","KZ01","CIKOKOL","KZ01","K930","FEBRI","-6.219809301354583","106.85311848250385","AU 10P COKE","","","",""
"KF59","KEMANGGISAN ILIR","KZ01","CIKOKOL","KZ01","K930","FEBRI","-6.1883637","106.7926242","","","","",""
"KF61","ALFAMART LATUMENTEN RAYA [LMTA]","KZ01","CIKOKOL","KZ01","K930","FEBRI","-6.1516055","106.7949368","","","","",""
"KF63","ALFAMART KRAMAT PULO 39 [KMPU ]","KZ01","CIKOKOL","KZ01","K930","FEBRI","-6.181449","106.845283","AC 10P COKE","","","",""
"KF63","ALFAMART KRAMAT PULO 39 [KMPU ]","KZ01","CIKOKOL","KZ01","K930","FEBRI","-6.181449","106.845283","AC 10P COKE","","","",""
"KF66","ALFAMART RAWA BELONG 7 [RBG7]","KZ01","CIKOKOL","KZ01","K930","FEBRI","-6.199960","106.782781","AC 10P COKE","","","",""
"KF69","ALFAMART KALIBARU TIMUR VI [KBTM]","KZ01","CIKOKOL","KZ01","K930","FEBRI","-6.168831","106.849575","AC 10P COKE","","","",""
"KF69","ALFAMART KALIBARU TIMUR VI [KBTM]","KZ01","CIKOKOL","KZ01","K930","FEBRI","-6.168831","106.849575","AC 10P COKE","","","",""
"KF72","H KELIK SRENGSENG","KZ01","CIKOKOL","KZ01","K930","FEBRI","-6.209696","106.75957","","","","",""
"KF75","ALFAMART CIDODOL KP. BARU [CDKB]","KZ01","CIKOKOL","KZ01","K930","FEBRI","-6.226793","106.778403","AU 10P COKE","","","",""
"KF77","ALFAMART CIDENG TIMUR 67 [CDTM]","KZ01","CIKOKOL","KZ01","K930","FEBRI","-6.164867","106.808401","","","","",""
"KF78","ALFAMART BIAK 35 [BIA3]","KZ01","CIKOKOL","KZ01","K930","FEBRI","-6.167090","106.808560","","","","",""
"KF79","ALFAMART WAHID HASYIM 161 [WHAY]","KZ01","CIKOKOL","KZ01","K930","FEBRI","-6.187286","106.818812","","","","",""
"kf89","ALFAMART KEBAYORAN LAMA RAYA","KZ01","CIKOKOL","KZ01","K930","FEBRI","-6.227069","106.778398","AC 10P COKE","","","",""
"KF97","ALFAMART TANJUNG DUREN 17","KZ01","CIKOKOL","KZ01","K930","FEBRI","-6.173916","106.781392","AC 10P COKE","","","",""
"KF98","JURAGANAN 40","KZ01","CIKOKOL","KZ01","K930","FEBRI","-6.2177678","106.7913756","","","","",""
"KG02","JEMBATAN BESI 29","KZ01","CIKOKOL","KZ01","K930","FEBRI","-6.151845","106.799636","","","","",""
"KG04","AS SURUR 32","KZ01","CIKOKOL","KZ01","K930","FEBRI","-6.2012559","106.7668297","","","","",""
"TC34","ALFAMART MEDITERANIA JASMIN 3 [MEJA]","KZ01","CIKOKOL","KZ01","K930","FEBRI","-6.175518","106.784545","","","","",""
"TG59","JL B TELUK GONG","KZ01","CIKOKOL","KZ01","K930","FEBRI","-6.138027298","106.7776771","","","","",""
"L001","GAJAH MADA [GAMA]","LZ01","LAMPUNG","LZ01","L548","ANGGI NOVRI ANDIKA","-5.415043","105.266913","AU 10P COKE","","","",""
"L008","WOLTER MONGONSIDI [WODI]","LZ01","LAMPUNG","LZ01","L548","ANGGI NOVRI ANDIKA","-5.424698","105.251187","AU 10P COKE","","","",""
"L013","IKAN SEBELAH [ISEB]","LZ01","LAMPUNG","LZ01","L548","ANGGI NOVRI ANDIKA","-5.451885","105.258512","AU 10P COKE","","","",""
"L014","TEUKU UMAR - LPG [KUUM]","LZ01","LAMPUNG","LZ01","L548","ANGGI NOVRI ANDIKA","-5.392001","105.262077","AU 10P COKE","","","",""
"L016","HAYAM WURUK - LPG [AMUK]","LZ01","LAMPUNG","LZ01","L548","ANGGI NOVRI ANDIKA","-5.409565","105.265957","AU 10P COKE","","","",""
"L017","SAM RATULANGI - LPG [ANGI]","LZ01","LAMPUNG","LZ01","L548","ANGGI NOVRI ANDIKA","-5.396785","105.248799","AU 10P COKE","","","",""
"L018","KH HASYIM ASHARI LPG [KHAR]","LZ01","LAMPUNG","LZ01","L548","ANGGI NOVRI ANDIKA","-5.447794","105.256506","AU 10P COKE","","","",""
"L020","TIRTAYASA - LPG [TIYA]","LZ01","LAMPUNG","LZ01","L548","ANGGI NOVRI ANDIKA","-5.395014","105.296406","AU 10P COKE","","","",""
"L021","KI MAJA KDTN - LPG [JAON]","LZ01","LAMPUNG","LZ01","L548","ANGGI NOVRI ANDIKA","-5.38268","105.27163","AU 12P COKE","","","",""
"L033","YOS SUDARSO BUWA[YSOB]","LZ01","LAMPUNG","LZ01","L548","ANGGI NOVRI ANDIKA","-5.446105","105.273960","","","","",""
"L053","SUTAN SYAHRIR LPG","LZ01","METRO","LZ01","L054","AHMAD GHOZALI","-5.134347","105.320135","AU 10P COKE","","","",""
"L069","JATIMULYO [JTML]","LZ01","LAMPUNG","LZ01","L548","ANGGI NOVRI ANDIKA","-5.338659","105.293304","AC 10P COKE","","","",""
"L121","SISINGAMANGARAJA","LZ01","LAMPUNG","LZ01","L054","ANGGI NOVRI ANDIKA","-5.404436","105.241999","AC 12P COKE","","","",""
"L122","TEUKU CIK DITIRO [TCDO]","LZ01","LAMPUNG","LZ01","L548","ANGGI NOVRI ANDIKA","-5.398318","105.203626","AU 10P COKE","","","",""
"L127","RE. MARTADINATA [RMTA]","LZ01","LAMPUNG","LZ01","L548","ANGGI NOVRI ANDIKA","-5.456152","105.254838","AU 10P COKE","","","",""
"L134","P. SENOPATI [PSPI]","LZ01","LAMPUNG","LZ01","L548","ANGGI NOVRI ANDIKA","-5.345759","105.296782","AU 10P COKE","","","",""
"L136","JL. CUT MUTIA [CTMA]","LZ01","LAMPUNG","LZ01","L548","ANGGI NOVRI ANDIKA","-5.433833","105.262015","AU 10P COKE","","","",""
"L144","RATU DIBALAU 2 [RTD2]","LZ01","LAMPUNG","LZ01","L548","ANGGI NOVRI ANDIKA","-5.367748","105.274763","AU 10P COKE","","","",""
"L145","RATU DIBALAU 3 [RTD3]","LZ01","LAMPUNG","LZ01","L548","ANGGI NOVRI ANDIKA","-5.351164","105.291898","AU 10P COKE","","","",""
"L191","YOS SUDARSO SKR[YSRO]","LZ01","LAMPUNG","LZ01","L548","ANGGI NOVRI ANDIKA","-5.443380","105.286578","AU 10P COKE","","","",""
"L192","DR HARUN [DHRN]","LZ01","LAMPUNG","LZ01","L548","ANGGI NOVRI ANDIKA","-5.415142","105.273613","AU 10P COKE","","","",""
"L233","PAGAR ALAM (PU) [PAPU]","LZ01","LAMPUNG","LZ01","L548","ANGGI NOVRI ANDIKA","-5.388092","105.240554","AC 10P COKE","","","",""
"L235","HENDRO SURATMIN/F [HSTN]","LZ01","LAMPUNG","LZ01","L548","ANGGI NOVRI ANDIKA","-5.385263","105.293685","AU 10P COKE","","","",""
"L369","PRAMUKA/F[PMKA]","LZ01","LAMPUNG","LZ01","L548","ANGGI NOVRI ANDIKA","-5.36959","105.22805","AU 10P COKE","","","",""
"L370","KAPT. ABD HAQ/F[KHAQ]","LZ01","LAMPUNG","LZ01","L548","ANGGI NOVRI ANDIKA","-5.364038","105.235363","","","","",""
"L397","TEUKU CIK DITIRO 2[TCD2]","LZ01","LAMPUNG","LZ01","L548","ANGGI NOVRI ANDIKA","-5.397144","105.213109","AC 10P COKE","","","",""
"L398","PULAU SEBESI/F [PLSB]","LZ01","LAMPUNG","LZ01","L548","ANGGI NOVRI ANDIKA","-5.385400","105.314492","AU 10P COKE","","","",""
"L407","RIDWAN RAIS[RWRS]","LZ01","LAMPUNG","LZ01","L548","ANGGI NOVRI ANDIKA","-5.404737","105.285437","AU 10P COKE","","","",""
"L409","KEPAYANG PERMAI/F[KYGP]","LZ01","LAMPUNG","LZ01","L548","ANGGI NOVRI ANDIKA","-5.373395","105.219592","AU 12P COKE","","","",""
"L413","IMAM BONJOL 2","LZ01","LAMPUNG","LZ01","L054","ANGGI NOVRI ANDIKA","-5.397305","105.238918","AU 10P COKE","","","",""
"L414","PANGLIMA POLIM 2 [PAP2]","LZ01","LAMPUNG","LZ01","L548","ANGGI NOVRI ANDIKA","-5.394666","105.248841","AU 10P COKE","","","",""
"L415","TEUKU UMAR KOGA [TUKA]","LZ01","LAMPUNG","LZ01","L548","ANGGI NOVRI ANDIKA","-5.394427","105.261738","AU 8P COKE","","","",""
"L421","PURNAWIRAWAN/F [PRWN]","LZ01","LAMPUNG","LZ01","L548","ANGGI NOVRI ANDIKA","-5.387065","105.233094","AU 10P COKE","","","",""
"L423","AGUS SALIM [AGSM]","LZ01","LAMPUNG","LZ01","L548","ANGGI NOVRI ANDIKA","-5.412309","105.252719","AU 10P COKE","","","",""
"L431","HAYAM WURUK 2 [HYWR]","LZ01","LAMPUNG","LZ01","L548","ANGGI NOVRI ANDIKA","-5.408198","105.262951","AU 10P COKE","","","",""
"L433","IMAM BONJOL 3","LZ01","LAMPUNG","LZ01","L054","ANGGI NOVRI ANDIKA","-5.405595","105.252579","","","","",""
"L439","GATOT SUBROTO [GTST]","LZ01","LAMPUNG","LZ01","L548","ANGGI NOVRI ANDIKA","-5.436366","105.287144","AC 10P COKE","","","",""
"L441","IKAN TENGGIRI [IKTG]","LZ01","LAMPUNG","LZ01","L548","ANGGI NOVRI ANDIKA","-5.449921","105.261740","AU 10P COKE","","","",""
"L443","IMAM BONJOL 4 [IMJ4]","LZ01","LAMPUNG","LZ01","L548","ANGGI NOVRI ANDIKA","-5.392379","105.225631","AU 10P COKE","","","",""
"L453","PERWIRA EMIR M NOER [PRW]","LZ01","LAMPUNG","LZ01","L548","ANGGI NOVRI ANDIKA","-5.420128","105.246700","","","","",""
"L454","RADEN INTAN BDL [RIB]","LZ01","LAMPUNG","LZ01","L548","ANGGI NOVRI ANDIKA","-5.418947","105.258530","AU 10P COKE","","","",""
"L455","RA BASYID BDL [RAB]","LZ01","LAMPUNG","LZ01","L548","ANGGI NOVRI ANDIKA","-5.356133","105.261895","AU 10P COKE","","","",""
"L456","P. ANTASARI 3 [PA3]","LZ01","LAMPUNG","LZ01","L548","ANGGI NOVRI ANDIKA","-5.407296","105.273836","AU 10P COKE","","","",""
"L460","GATOT SOEBROTO 2/F [GTT2]","LZ01","LAMPUNG","LZ01","L548","ANGGI NOVRI ANDIKA","-5.423942","105.272926","AU 8P NON COKE","","","",""
"L469","AHMAD YANI BDL [AHY1]","LZ01","LAMPUNG","LZ01","L548","ANGGI NOVRI ANDIKA","-5.422099","105.257372","AU 10P COKE","","","",""
"L472","PRAMUKA 2 [PAK2]","LZ01","LAMPUNG","LZ01","L548","ANGGI NOVRI ANDIKA","-5.37487","105.22277","AU 10P COKE","","","",""
"L486","FAJAR BARU [FJB1]","LZ01","LAMPUNG","LZ01","L548","ANGGI NOVRI ANDIKA","-5.347861","105.266375","AU 10P COKE","","","",""
"L488","DIPONEGORO 2 [DPN2]","LZ01","LAMPUNG","LZ01","L548","ANGGI NOVRI ANDIKA","-5.436213","105.264629","AU 10P COKE","","","",""
"L493","SULTAN HAJI FRC/F [SHFC]","LZ01","LAMPUNG","LZ01","L548","ANGGI NOVRI ANDIKA","-5.377815","105.262720","AU 10P COKE","","","",""
"L495","YOS SUDARSO 3 [YSD3]","LZ01","LAMPUNG","LZ01","L548","ANGGI NOVRI ANDIKA","-5.444114","105.278562","AU 10P COKE","","","",""
"L504","RYACUDU KORPRI [RYK1]","LZ01","LAMPUNG","LZ01","L548","ANGGI NOVRI ANDIKA","-5.367915","105.300489","AU 10P COKE","","","",""
"L510","SUMBER REJO 2 [SMJ2]","LZ01","LAMPUNG","LZ01","L548","ANGGI NOVRI ANDIKA","-5.390118","105.210362","AC 10P COKE","","","",""
"L515","RA. KARTINI BDL [RAK1]","LZ01","LAMPUNG","LZ01","L548","ANGGI NOVRI ANDIKA","-5.415022","105.255233","AU 10P COKE","","","",""
"L522","BUKIT KENCANA BDL [BKN1]","LZ01","LAMPUNG","LZ01","L548","ANGGI NOVRI ANDIKA","-5.399571","105.286324","AC 10P COKE","","","",""
"L528","PUTRI BALAU [PTBB]","LZ01","LAMPUNG","LZ01","L548","ANGGI NOVRI ANDIKA","-5.407079","105.269986","AU 12P COKE","","","",""
"L531","ZA. PAGAR ALAM [ZAPL]","LZ01","LAMPUNG","LZ01","L548","ANGGI NOVRI ANDIKA","-5.381671","105.256679","AC 10P COKE","","","",""
"L532","SULTAN AGUNG [SLAL]","LZ01","LAMPUNG","LZ01","L548","ANGGI NOVRI ANDIKA","-5.382490","105.278025","AU 10P COKE","","","",""
"L535","SISINGAMANGARAJA 2","LZ01","LAMPUNG","LZ01","L054","ANGGI NOVRI ANDIKA","-5.408443","105.243534","AU 10P COKE","","","",""
"L536","LETJEN SOEPRAPTO [LTS1]","LZ01","LAMPUNG","LZ01","L548","ANGGI NOVRI ANDIKA","-5.393902","105.244869","AU 12P COKE","","","",""
"L539","TEUKU CIK DITIRO 3 [TCD3]","LZ01","LAMPUNG","LZ01","L548","ANGGI NOVRI ANDIKA","-5.399649","105.211451","AU 12P COKE","","","",""
"L541","ZA. PAGAR ALAM 2 [ZPA2]","LZ01","LAMPUNG","LZ01","L548","ANGGI NOVRI ANDIKA","-5.378923","105.252044","AU 10P COKE","","","",""
"L548","CITRA GARDEN 2 [CTG2]","LZ01","LAMPUNG","LZ01","L548","ANGGI NOVRI ANDIKA","-5.444842","105.247299","AU 10P COKE","","","",""
"L554","PAHLAWAN 2 [PHL2]","LZ01","LAMPUNG","LZ01","L548","ANGGI NOVRI ANDIKA","-5.396588","105.263628","AU 6P COKE","","","",""
"L561","UNTUNG SUROPATI BDL [USB1]","LZ01","LAMPUNG","LZ01","L548","ANGGI NOVRI ANDIKA","-5.368107","105.256039","AU 10P COKE","","","",""
"L562","PERINTIS BDL [PBL1]","LZ01","LAMPUNG","LZ01","L548","ANGGI NOVRI ANDIKA","-5.418895","105.271306","AU 10P COKE","","","",""
"L569","RADEN IMBA KUSUMA/F/F [RDIB]","LZ01","LAMPUNG","LZ01","L548","ANGGI NOVRI ANDIKA","-5.403850","105.212621","","","","",""
"L570","P. ANTASARI 4 [PAT4]","LZ01","LAMPUNG","LZ01","L548","ANGGI NOVRI ANDIKA","-5.404854","105.278297","AU 10P COKE","","","",""
"L573","BASUKI RAHMAT 2 [BRM2]","LZ01","LAMPUNG","LZ01","L548","ANGGI NOVRI ANDIKA","-5.436429","105.251815","AU 10P COKE","","","",""
"L576","TIRTAYASA 4 [TIR4]","LZ01","LAMPUNG","LZ01","L548","ANGGI NOVRI ANDIKA","-5.401127","105.312480","AU 10P COKE","","","",""
"L577","KAMBOJA BDL [KMBL]","LZ01","LAMPUNG","LZ01","L548","ANGGI NOVRI ANDIKA","-5.412770","105.261152","AC 10P COKE","","","",""
"L580","MH. YAMIN [MHYB]","LZ01","LAMPUNG","LZ01","L548","ANGGI NOVRI ANDIKA","-5.421191","105.266872","AC 10P COKE","","","",""
"L581","CUT NYAK DIEN 2 [CUT2]","LZ01","LAMPUNG","LZ01","L548","ANGGI NOVRI ANDIKA","-5.418461","105.251651","AU 10P COKE","","","",""
"L582","PRAMUKA 3 FRC/F [PRM3]","LZ01","LAMPUNG","LZ01","L548","ANGGI NOVRI ANDIKA","-5.384668","105.222131","AU 10P COKE","","","",""
"L583","HOS COKROAMINOTO [HCM]","LZ01","LAMPUNG","LZ01","L548","ANGGI NOVRI ANDIKA","-5.421593","105.262816","AU 10P COKE","","","",""
"L584","IMAM BONJOL 5","LZ01","LAMPUNG","LZ01","L054","ANGGI NOVRI ANDIKA","-5.399385","105.244314","AC 10P COKE","","","",""
"L586","RIDWAN RAIS 2 [RDR2]","LZ01","LAMPUNG","LZ01","L548","ANGGI NOVRI ANDIKA","-5.410137","105.285939","AU 10P COKE","","","",""
"L588","LAKS. MALAHAYATI [LML1]","LZ01","LAMPUNG","LZ01","L548","ANGGI NOVRI ANDIKA","-5.447875","105.268330","","","","",""
"L590","RYACUDU KORPRI 2 [RCK2]","LZ01","LAMPUNG","LZ01","L548","ANGGI NOVRI ANDIKA","-5.380296","105.288229","AU 10P COKE","","","",""
"L594","TAMIN BDL","LZ01","LAMPUNG","LZ01","L054","ANGGI NOVRI ANDIKA","-5.408811","105.248391","AU 10P COKE","","","",""
"L595","SOEKARNO HATTA KM23 [SH23]","LZ01","LAMPUNG","LZ01","L548","ANGGI NOVRI ANDIKA","-5.409376","105.294090","AU 10P COKE","","","",""
"L596","RATU DIBALAU 5 [RDL5]","LZ01","LAMPUNG","LZ01","L548","ANGGI NOVRI ANDIKA","-5.356690","105.287419","AC 10P COKE","","","",""
"L597","PULAU DAMAR BDL [PDB1]","LZ01","LAMPUNG","LZ01","L548","ANGGI NOVRI ANDIKA","-5.367831","105.289746","AU 10P COKE","","","",""
"L600","PROF. S. BROJONEGORO/F [PSBF]","LZ01","LAMPUNG","LZ01","L548","ANGGI NOVRI ANDIKA","-5.37127","105.24015","","","","",""
"L602","RATU DIBALAU LAMPUNG/F [RUDU]","LZ01","LAMPUNG","LZ01","L548","ANGGI NOVRI ANDIKA","-5.361434","105.281145","AU 10P COKE","","","",""
"L603","URIP SUMOHARJO 4 [USM4]","LZ01","LAMPUNG","LZ01","L548","ANGGI NOVRI ANDIKA","-5.3869","105.26375","AC 10P COKE","","","",""
"L604","WR. SUPRATMAN [WRS]","LZ01","LAMPUNG","LZ01","L548","ANGGI NOVRI ANDIKA","-5.445368","105.254384","AU 10P COKE","","","",""
"L605","TANJUNG SENANG [TJS1]","LZ01","LAMPUNG","LZ01","L548","ANGGI NOVRI ANDIKA","-5.365567","105.275739","AU 10P COKE","","","",""
"L606","KETEGUHAN [KTH1]","LZ01","LAMPUNG","LZ01","L548","ANGGI NOVRI ANDIKA","-5.462679","105.243715","AU 10P COKE","","","",""
"L611","CITRAMAS [CITL]","LZ01","LAMPUNG","LZ01","L548","ANGGI NOVRI ANDIKA","-5.384427","105.210980","AU 10P COKE","","","",""
"L619","RYACUDU SUKARAME/F [RYD1]","LZ01","LAMPUNG","LZ01","L548","ANGGI NOVRI ANDIKA","-5.376029","105.295304","AU 10P COKE","","","",""
"L621","KALIBALOK [KLBO]","LZ01","LAMPUNG","LZ01","L548","ANGGI NOVRI ANDIKA","-5.397033","105.289997","AU 10P COKE","","","",""
"L622","KORPRI JAYA/F [KRPJ]","LZ01","LAMPUNG","LZ01","L548","ANGGI NOVRI ANDIKA","-5.361057","105.305427","AU 10P COKE","","","",""
"L627","PULAU SEBESI 2/F [PUS2]","LZ01","LAMPUNG","LZ01","L548","ANGGI NOVRI ANDIKA","-5.386798","105.308572","AU 10P COKE","","","",""
"L628","WAY DADI FRC/F [WYDI]","LZ01","LAMPUNG","LZ01","L548","ANGGI NOVRI ANDIKA","-5.384058","105.289611","AU 10P COKE","","","",""
"L635","PULAU BACAN [PUB1]","LZ01","LAMPUNG","LZ01","L548","ANGGI NOVRI ANDIKA","-5.407034","105.269481","AU 10P COKE","","","",""
"L636","AIRAN RAYA F/F [AIRF]","LZ01","LAMPUNG","LZ01","L548","ANGGI NOVRI ANDIKA","-5.350426","105.299302","AU 10P COKE","","","",""
"L637","WAN ABDURRAHMAN [WABD]","LZ01","LAMPUNG","LZ01","L548","ANGGI NOVRI ANDIKA","-5.406889","105.197172","","","","",""
"L638","LITTLE EUROPE [LTEO]","LZ01","LAMPUNG","LZ01","L548","ANGGI NOVRI ANDIKA","-5.445348","105.245639","","","","",""
"L639","SEGALA MIDER [SMDR]","LZ01","LAMPUNG","LZ01","L548","ANGGI NOVRI ANDIKA","-5.390757","105.249294","AU 10P COKE","","","",""
"L641","SUKADANAHAM","LZ01","LAMPUNG","LZ01","L054","ANGGI NOVRI ANDIKA","-5.416676","105.231464","","","","",""
"L644","HENDRO SURATMIN 3 F/F [HSN3]","LZ01","LAMPUNG","LZ01","L548","ANGGI NOVRI ANDIKA","-5.377605","105.303112","AU 10P COKE","","","",""
"L646","TEUKUUMAR PENENGAHAN [TEUP]","LZ01","LAMPUNG","LZ01","L548","ANGGI NOVRI ANDIKA","-5.399657","105.261104","","","","",""
"L647","SAMRATULANGI 2 F/F [SAI2]","LZ01","LAMPUNG","LZ01","L548","ANGGI NOVRI ANDIKA","-5.400382","105.255630","","","","",""
"L648","TANJUNG KARANG PUSAT [TKPT]","LZ01","LAMPUNG","LZ01","L548","ANGGI NOVRI ANDIKA","-5.408734","105.256980","","","","",""
"L655","SRIWIJAYA ENGGAL [SRWE]","LZ01","LAMPUNG","LZ01","L548","ANGGI NOVRI ANDIKA","-5.421956","105.259196","AU 10P COKE","","","",""
"L660","KEDAMAIAN [KEDM]","LZ01","LAMPUNG","LZ01","L548","ANGGI NOVRI ANDIKA","-5.390993","105.286438","AC 10P COKE","","","",""
"L667","SUKARAME [SKAE]","LZ01","LAMPUNG","LZ01","L548","ANGGI NOVRI ANDIKA","-5.364874","105.301527","AC 10P COKE","","","",""
"L691","PENGAJARAN [PNJR]","LZ01","LAMPUNG","LZ01","L548","ANGGI NOVRI ANDIKA","-5.432483","105.254030","AU 10P COKE","","","",""
"L693","GEDUNG MENENG [GDMN]","LZ01","LAMPUNG","LZ01","L548","ANGGI NOVRI ANDIKA","-5.373510","105.240659","AU 12P COKE","","","",""
"L697","BUMI RAYA [BMRY]","LZ01","LAMPUNG","LZ01","L548","ANGGI NOVRI ANDIKA","-5.435603","105.284027","AU 12P COKE","","","",""
"L698","GAJAH MADA 2 [GHM2]","LZ01","LAMPUNG","LZ01","L548","ANGGI NOVRI ANDIKA","-5.415428","105.264381","AU 12P COKE","","","",""
"L704","SUKABUMI [SUBM]","LZ01","LAMPUNG","LZ01","L548","ANGGI NOVRI ANDIKA","-5.396793","105.301509","AC 10P COKE","","","",""
"L709","SEGALA MIDER 2 [SEDE]","LZ01","LAMPUNG","LZ01","L548","ANGGI NOVRI ANDIKA","-5.386223","105.248573","AU 10P COKE","","","",""
"L713","RA BASYID 2 F/F [RABF]","LZ01","LAMPUNG","LZ01","L548","ANGGI NOVRI ANDIKA","-5.358402","105.259679","AU 8P COKE","","","",""
"L719","SUKARAME BARU F/F [SKBF]","LZ01","LAMPUNG","LZ01","L548","ANGGI NOVRI ANDIKA","-5.385312","105.298926","AU 10P COKE","","","",""
"L732","MAYOR SALIM BATUBARA [MYSM]","LZ01","LAMPUNG","LZ01","L548","ANGGI NOVRI ANDIKA","-5.440451","105.270455","","","","",""
"L733","BUMI MANTI F/F [BMMF]","LZ01","LAMPUNG","LZ01","L548","ANGGI NOVRI ANDIKA","-5.3620149","105.2500253","","","","",""
"L735","LEMPASING F/F [LPSF]","LZ01","LAMPUNG","LZ01","L548","ANGGI NOVRI ANDIKA","-5.481666","105.249907","AC 10P COKE","","","",""
"L737","SUMUR BATU [SUBT]","LZ01","LAMPUNG","LZ01","L548","ANGGI NOVRI ANDIKA","-5.434868","105.268405","","","","",""
"L739","IMAM BONJOL LKPR","LZ01","LAMPUNG","LZ01","L054","ANGGI NOVRI ANDIKA","-5.394664","105.234786","AC 12P COKE","","","",""
"L746","SOEKARNO-HATTA PUSKD [SHPD]","LZ01","LAMPUNG","LZ01","L548","ANGGI NOVRI ANDIKA","-5.401748","105.290211","AU 10P COKE","","","",""
"L747","BERINGIN JAYA [BRJY]","LZ01","LAMPUNG","LZ01","L548","ANGGI NOVRI ANDIKA","-5.405012","105.200249","","","","",""
"L749","RAYA HENDRO SURATMIN [RYHS]","LZ01","LAMPUNG","LZ01","L548","ANGGI NOVRI ANDIKA","-5.380390","105.300687","AC 10P COKE","","","",""
"L753","SUMUR PUTRI [SWRT]","LZ01","LAMPUNG","LZ01","L548","ANGGI NOVRI ANDIKA","-5.435890","105.255126","AU 10P COKE","","","",""
"L754","DIPONEGORO LPG [DPOL]","LZ01","LAMPUNG","LZ01","L548","ANGGI NOVRI ANDIKA","-5.433154","105.262179","AC 12P COKE","","","",""
"L755","DC TEMBESU [ALDT]","LZ01","LAMPUNG","LZ01","L548","ANGGI NOVRI ANDIKA","-5.411585","105.303545","AU 10P COKE","","","",""
"L759","TUPAI KEDATON F/F [TPKF]","LZ01","LAMPUNG","LZ01","L548","ANGGI NOVRI ANDIKA","-5.388083","105.257306","AA 8P COKE","","","",""
"L760","MS BATUBARA 2 F/F [MSBR]","LZ01","LAMPUNG","LZ01","L548","ANGGI NOVRI ANDIKA","-5.442241","105.272987","","","","",""
"L763","TIRTAYASA SUKABUMI [TRTY]","LZ01","LAMPUNG","LZ01","L548","ANGGI NOVRI ANDIKA","-5.403100","105.317068","AC 10P COKE","","","",""
"L764","SINGKEP SUKARAME F/F [SSKF]","LZ01","LAMPUNG","LZ01","L548","ANGGI NOVRI ANDIKA","-5.394405","105.314568","AC 10P COKE","","","",""
"L765","RAYA PU PAGAR ALAM [RPPA]","LZ01","LAMPUNG","LZ01","L548","ANGGI NOVRI ANDIKA","-5.385415","105.256652","AC 10P COKE","","","",""
"L768","PATIMURA BDL [PATL]","LZ01","LAMPUNG","LZ01","L548","ANGGI NOVRI ANDIKA","-5.441310","105.264874","","","","",""
"L769","GUNUNG TERANG F/F [GUNT]","LZ01","LAMPUNG","LZ01","L548","ANGGI NOVRI ANDIKA","-5.379078","105.238052","AC 10P COKE","","","",""
"L770","JENSUD BDL [JSDB]","LZ01","LAMPUNG","LZ01","L548","ANGGI NOVRI ANDIKA","-5.422786","105.267400","AU 10P COKE","","","",""
"L773","RAYA RATULANGI [RRLI]","LZ01","LAMPUNG","LZ01","L548","ANGGI NOVRI ANDIKA","-5.397202","105.250709","","","","",""
"L776","RAYA BACAN F/F [RYBF]","LZ01","LAMPUNG","LZ01","L548","ANGGI NOVRI ANDIKA","-5.401035","105.269577","AC 10P COKE","","","",""
"L780","CAMPANG RAYA [CAMP]","LZ01","LAMPUNG","LZ01","L548","ANGGI NOVRI ANDIKA","-5.406614","105.304104","AC 10P COKE","","","",""
"L783","JALAN ONTA F/F [JLOF]","LZ01","LAMPUNG","LZ01","L548","ANGGI NOVRI ANDIKA","-5.3977845","105.2567023","AC 10P COKE","","","",""
"L785","YOS SUDARSO BARU [YSSB]","LZ01","LAMPUNG","LZ01","L548","ANGGI NOVRI ANDIKA","-5.444263","105.292530","AU 10P COKE","","","",""
"P013","KANTEN LAUT/F[KTNL]","PZ01","PALEMBANG","PZ01","P139","SANDY SAPUTRA","-2.920999","104.770526","AE 8P COKE","","","",""
"P019","RADIAL[RDIL]","PZ01","PALEMBANG","PZ01","P139","SANDY SAPUTRA","-2.9833346","104.7499324","AU 10P COKE","","","",""
"P032","KOLONEL ATMO[LAMO]","PZ01","PALEMBANG","PZ01","P139","SANDY SAPUTRA","-2.980787","104.757234","AC 10P COKE","","","",""
"P033","TANAH MAS","PZ01","PALEMBANG","PZ01","P139","SANDY SAPUTRA","-2.913705","104.667327","","","","",""
"P035","SUKABANGUN 2-1","PZ01","PALEMBANG","PZ01","P139","SANDY SAPUTRA","-2.93516821","104.73492966","AE 10P COKE","","","",""
"P036","ABUSAMAH-1","PZ01","PALEMBANG","PZ01","P139","SANDY SAPUTRA","-2.94290136","104.74504364","AE 10P COKE","","","",""
"P038","ANWAR SASTRO[ARSO]","PZ01","PALEMBANG","PZ01","P139","SANDY SAPUTRA","-2.977633","104.746606","AU 10P COKE","","","",""
"P039","ALI GATMIR[AGMR]","PZ01","PALEMBANG","PZ01","P139","SANDY SAPUTRA","-2.983183","104.769835","AC 10P COKE","","","",""
"P041","GANDA SUBRATA","PZ01","PALEMBANG","PZ01","P139","SANDY SAPUTRA","-2.931918","104.762857","AU 8P COKE","","","",""
"P042","PARAMESWARA","PZ01","PALEMBANG","PZ01","P139","SANDY SAPUTRA","-2.987083","104.724080","AU 10P COKE","","","",""
"P045","SULAIMAN AMIN","PZ01","PALEMBANG","PZ01","P139","SANDY SAPUTRA","-2.941497","104.709674","AE 8P NON COKE","","","",""
"P048","KOPRAL ANWAR[KAWR]","PZ01","PALEMBANG","PZ01","P139","SANDY SAPUTRA","-2.922432","104.779199","AU 10P COKE","","","",""
"P051","DR M ISA[MISA]","PZ01","PALEMBANG","PZ01","P139","SANDY SAPUTRA","-2.9775074450299144","104.77088523097336","AU 10P COKE","","","",""
"P054","A DAHLAN TL KELAPA","PZ01","PALEMBANG","PZ01","P139","SANDY SAPUTRA","-2.9284964","104.7005791","AC 10P COKE","","","",""
"P058","LETNAN MUROD 1[LMD1]","PZ01","PALEMBANG","PZ01","P139","SANDY SAPUTRA","-2.957217958755791","104.72649525851011","AU 10P COKE","","","",""
"P059","SUKABANGUN 2-2","PZ01","PALEMBANG","PZ01","P139","SANDY SAPUTRA","-2.930839","104.738212","AE 10P COKE","","","",""
"P062","RA ABUSAMAH 2","PZ01","PALEMBANG","PZ01","P139","SANDY SAPUTRA","-2.9411523","104.7409101","AE 10P COKE","","","",""
"P063","RPN1[RNA1]","PZ01","PALEMBANG","PZ01","P139","SANDY SAPUTRA","-2.994742","104.720137","AU 10P COKE","","","",""
"P065","JEND SUDIRMAN 2[JSN2]","PZ01","PALEMBANG","PZ01","P139","SANDY SAPUTRA","-2.977861","104.754507","AU 10P COKE","","","",""
"P066","PERINDUSTRIAN 1[PRN1]","PZ01","PALEMBANG","PZ01","P139","SANDY SAPUTRA","-2.92808145750314","104.7164904512465","CO 10P COKE","","","",""
"P072","PERUM TL KELAPA","PZ01","PALEMBANG","PZ01","P139","SANDY SAPUTRA","-2.941932","104.688307","AU 10P COKE","","","",""
"P088","JL KAPTEN CEK SYEH[KCSH]","PZ01","PALEMBANG","PZ01","P139","SANDY SAPUTRA","-2.986587","104.757156","AU 10P COKE","","","",""
"P089","KOL H BURLIAN KM 9[KHBN]","PZ01","PALEMBANG","PZ01","P139","SANDY SAPUTRA","-2.92614234611392","104.71437443979084","AU 10P COKE","","","",""
"P093","PALEMBANG BETUNG","PZ01","PALEMBANG","PZ01","P139","SANDY SAPUTRA","-2.913105","104.687819","AU 10P COKE","","","",""
"P095","SOSIAL-GANDUS[SSDS]","PZ01","PALEMBANG","PZ01","P139","SANDY SAPUTRA","-3.020076","104.684030","AU 12P COKE","","","",""
"P099","LETNAN MUROD 2[LNM2]","PZ01","PALEMBANG","PZ01","P139","SANDY SAPUTRA","-2.9536311328411102","104.73432856611907","AU 12P COKE","","","",""
"P100","HBR MOTIK[HBRM]","PZ01","PALEMBANG","PZ01","P139","SANDY SAPUTRA","-2.933868","104.715398","AC 10P COKE","","","",""
"P102","SEGARAN[SGRN]","PZ01","PALEMBANG","PZ01","P139","SANDY SAPUTRA","-2.9809222323819995","104.76614937186241","AU 10P COKE","","","",""
"P104","INSPEKTUR MARZUKI[IPMI]","PZ01","PALEMBANG","PZ01","P139","SANDY SAPUTRA","-2.962917","104.732383","AU 12P COKE","","","",""
"P109","TRIKORA[TRIA]","PZ01","PALEMBANG","PZ01","P139","SANDY SAPUTRA","-2.967814","104.738114","AU 12P COKE","","","",""
"P112","M. ISA 2[MIS2]","PZ01","PALEMBANG","PZ01","P139","SANDY SAPUTRA","-2.972896","104.770089","AU 10P COKE","","","",""
"P114","PERINTIS KEMERDEKAAN[PSKN]","PZ01","PALEMBANG","PZ01","P139","SANDY SAPUTRA","-2.975079","104.771948","AC 10P COKE","","","",""
"P115","PERINDUSTRIAN 2[PDU2]","PZ01","PALEMBANG","PZ01","P139","SANDY SAPUTRA","-2.924251","104.717572","AU 8P COKE","","","",""
"P121","MAYOR SANTOSO[MRTO]","PZ01","PALEMBANG","PZ01","P139","SANDY SAPUTRA","-2.973028","104.747247","AU 10P COKE","","","",""
"P122","LETDA A ROZAK[RZAK]","PZ01","PALEMBANG","PZ01","P139","SANDY SAPUTRA","-2.969339","104.771845","AU 10P COKE","","","",""
"P124","RADIAL 2[RAL2]","PZ01","PALEMBANG","PZ01","P139","SANDY SAPUTRA","-2.9814509","104.7475253","AU 10P COKE","","","",""
"P135","INSPEKTUR MARZUKI 2[IPM2]","PZ01","PALEMBANG","PZ01","P139","SANDY SAPUTRA","-2.963100","104.733595","AU 10P COKE","","","",""
"P139","KEBUN BUNGA","PZ01","PALEMBANG","PZ01","P139","SANDY SAPUTRA","-2.9183","104.71679","","","","",""
"P140","JENSUD 3-PLG[JEPG]","PZ01","PALEMBANG","PZ01","P139","SANDY SAPUTRA","-2.972187","104.751598","AU 10P COKE","","","",""
"P145","KOL. BURLIAN KM. 6[BKM6]","PZ01","PALEMBANG","PZ01","P139","SANDY SAPUTRA","-2.945116","104.730329","AE 10P COKE","","","",""
"P149","ANWAR SASTRO 2[ARO2]","PZ01","PALEMBANG","PZ01","P139","SANDY SAPUTRA","-2.975830","104.749287","AU 12P COKE","","","",""
"P157","JENSUD IV-PALEMBANG[JNIV]","PZ01","PALEMBANG","PZ01","P139","SANDY SAPUTRA","-2.966207","104.747407","AU 10P COKE","","","",""
"P185","LETTU KARIM KADIR [LKKR]","PZ01","PALEMBANG","PZ01","P139","SANDY SAPUTRA","-3.015205","104.692797","AU 10P COKE","","","",""
"P188","H.R. NAJAMUDDIN [NAJA]","PZ01","PALEMBANG","PZ01","P139","SANDY SAPUTRA","-2.925710","104.769794","AE 8P COKE","","","",""
"P204","RK. ALANG-ALANG LBR","PZ01","PALEMBANG","PZ01","P139","SANDY SAPUTRA","-2.930277","104.686139","AU 8P COKE","","","",""
"P210","TJ. SIAPI-API","PZ01","PALEMBANG","PZ01","P139","SANDY SAPUTRA","-2.907507","104.724282","AU 10P COKE","","","",""
"P211","KEBUN BUNGA 2","PZ01","PALEMBANG","PZ01","P139","SANDY SAPUTRA","-2.923028","104.714780","AU 8P COKE","","","",""
"P232","PERINDUSTRIAN 1-2 [PRND]","PZ01","PALEMBANG","PZ01","P139","SANDY SAPUTRA","-2.925334","104.721930","AE 8P COKE","","","",""
"P233","SUKABANGUN 2-4","PZ01","PALEMBANG","PZ01","P139","SANDY SAPUTRA","-2.94271316","104.73098298","AE 8P COKE","","","",""
"P239","KS. TUBUN","PZ01","PALEMBANG","PZ01","P139","SANDY SAPUTRA","-2.978594","104.759869","AU 10P COKE","","","",""
"P253","JENSUD V-PALEMBANG [JVPG]","PZ01","PALEMBANG","PZ01","P139","SANDY SAPUTRA","-2.978348","104.754493","AU 10P COKE","","","",""
"P262","TALANG KELAPA 2","PZ01","PALEMBANG","PZ01","P139","SANDY SAPUTRA","-2.937320","104.690459","","","","",""
"P270","IRIGASI [IRSI]","PZ01","PALEMBANG","PZ01","P139","SANDY SAPUTRA","-2.960846","104.718749","AU 8P COKE","","","",""
"P282","JENSUD VI-PALEMBANG [JEVI]","PZ01","PALEMBANG","PZ01","P139","SANDY SAPUTRA","-2.9624865716323256","104.74086066707969","AU 10P COKE","","","",""
"P320","JENSUD VII-PALEMBANG [JEN7]","PZ01","PALEMBANG","PZ01","P139","SANDY SAPUTRA","-2.968882","104.750042","AU 10P COKE","","","",""
"P324","KOL. H. BURLIAN KM.7","PZ01","PALEMBANG","PZ01","P139","SANDY SAPUTRA","-2.938371","104.720549","AE 4P NON COKE","","","",""
"P325","KOL. H.BURLIAN KM.8","PZ01","PALEMBANG","PZ01","P139","SANDY SAPUTRA","-2.9363772","104.719512","AE 10P COKE","","","",""
"P383","TALANG JAMBE","PZ01","PALEMBANG","PZ01","P139","SANDY SAPUTRA","-2.895648","104.719535","AU 10P COKE","","","",""
"P397","TANJUNG SIAPI-API 3","PZ01","PALEMBANG","PZ01","P139","SANDY SAPUTRA","-2.898988","104.725558","AU 10P COKE","","","",""
"P399","SMB II-PALEMBANG[SMII]","PZ01","PALEMBANG","PZ01","P139","SANDY SAPUTRA","-2.9135661","104.6945914","AC 10P COKE","","","",""
"P403","PERINTIS KEMRDKAAN 2 [PER2]","PZ01","PALEMBANG","PZ01","P139","SANDY SAPUTRA","-2.974527","104.774224","AC 10P COKE","","","",""
"P408","VETERAN 1 [VAN1]","PZ01","PALEMBANG","PZ01","P139","SANDY SAPUTRA","-2.975545","104.761017","AU 12P COKE","","","",""
"P412","TERMINAL ALANG2 LBR[TMAL]","PZ01","PALEMBANG","PZ01","P139","SANDY SAPUTRA","1.519640","124.886128","AU 10P COKE","","","",""
"P413","M. ISA 3 [MIS3]","PZ01","PALEMBANG","PZ01","P139","SANDY SAPUTRA","-2.963478","104.769375","AU 10P COKE","","","",""
"P414","CITRA GRAND CITY","PZ01","PALEMBANG","PZ01","P139","SANDY SAPUTRA","-2.9321110574528575","104.68072269111872","AC 10P COKE","","","",""
"P454","RAYA ALANG-ALANG LBR","PZ01","PALEMBANG","PZ01","P139","SANDY SAPUTRA","-2.930986","104.6882777","AU 10P COKE","","","",""
"P461","RAYA PARAMESWARA","PZ01","PALEMBANG","PZ01","P139","SANDY SAPUTRA","-2.987172","104.720789","AU 10P COKE","","","",""
"P465","PEMASYARAKATAN-PAKJO [PMRT]","PZ01","PALEMBANG","PZ01","P139","SANDY SAPUTRA","-2.962652","104.721729","AU 10P COKE","","","",""
"P470","KOMPLEK PS [KLPS]","PZ01","PALEMBANG","PZ01","P139","SANDY SAPUTRA","-2.976295","104.741075","AU 10P COKE","","","",""
"P472","ANWAR ARSYAD 2 [AWD2]","PZ01","PALEMBANG","PZ01","P139","SANDY SAPUTRA","-2.966724168509245","104.72437455318868","AU 10P COKE","","","",""
"P474","RAWAJAYA [RWJY]","PZ01","PALEMBANG","PZ01","P139","SANDY SAPUTRA","-2.961161","104.749400","AU 12P COKE","","","",""
"P489","BUKIT BARU [BKBR]","PZ01","PALEMBANG","PZ01","P139","SANDY SAPUTRA","-2.9910480743274093","104.71920602023602","AU 10P COKE","","","",""
"P492","SOAK SIMPUR","PZ01","PALEMBANG","PZ01","P139","SANDY SAPUTRA","-2.927492","104.739510","AE 10P COKE","","","",""
"P495","SAKO BARU [SKBR]","PZ01","PALEMBANG","PZ01","P139","SANDY SAPUTRA","-2.919048","104.777921","AU 10P COKE","","","",""
"P496","SAKO PERUMNAS [SKPM]","PZ01","PALEMBANG","PZ01","P139","SANDY SAPUTRA","-2.927549","104.787089","AU 10P COKE","","","",""
"P497","TALANG KERAMAT/F [TLKR]","PZ01","PALEMBANG","PZ01","P139","SANDY SAPUTRA","-2.904889","104.761469","AU 10P COKE","","","",""
"P500","BUKIT LAMA [BKLM]","PZ01","PALEMBANG","PZ01","P139","SANDY SAPUTRA","-3.001323491334915","104.72150651738048","AU 10P COKE","","","",""
"P504","SUKAMAJU [SKMU]","PZ01","PALEMBANG","PZ01","P139","SANDY SAPUTRA","-2.932425","104.769696","AE 10P COKE","","","",""
"P505","MANDI API [MDAP]","PZ01","PALEMBANG","PZ01","P139","SANDY SAPUTRA","-2.9553779","104.7274847","AC 10P COKE","","","",""
"P510","POLIGON/F [PLGN]","PZ01","PALEMBANG","PZ01","P139","SANDY SAPUTRA","-3.0073479136957384","104.71978738904","AU 10P COKE","","","",""
"P514","HBR MOTIK 2/F [HBRT]","PZ01","PALEMBANG","PZ01","P139","SANDY SAPUTRA","-2.934938","104.710879","AU 8P COKE","","","",""
"P515","SPBU KM6","PZ01","PALEMBANG","PZ01","P139","SANDY SAPUTRA","-2.9414755711331964","104.72697185352445","AE 10P COKE","","","",""
"P529","PLG-BETUNG KM.13","PZ01","PALEMBANG","PZ01","P139","SANDY SAPUTRA","-2.913771","104.677828","AE 10P COKE","","","",""
"P547","GRIYA DUTA MAS","PZ01","PALEMBANG","PZ01","P139","SANDY SAPUTRA","-2.924974","104.733494","AE 8P COKE","","","",""
"P548","KOP. BINA PRAJA/F","PZ01","PALEMBANG","PZ01","P139","SANDY SAPUTRA","-2.969958","104.750786","AU 10P COKE","","","",""
"P558","MAYOR ZURBY BUSTAM","PZ01","PALEMBANG","PZ01","P139","SANDY SAPUTRA","-2.93560706","104.74803102","AE 10P COKE","","","",""
"P559","MACAN LINDUNGAN","PZ01","PALEMBANG","PZ01","P139","SANDY SAPUTRA","-2.987877","104.718274","AU 10P COKE","","","",""
"P560","SPBU KM.12/F","PZ01","PALEMBANG","PZ01","P139","SANDY SAPUTRA","-2.912666","104.684959","AU 10P COKE","","","",""
"P566","SPBU SOETTA/F[STTA]","PZ01","PALEMBANG","PZ01","P139","SANDY SAPUTRA","-2.946023","104.699881","AU 12P COKE","","","",""
"P569","RPN-BUKIT LAMA [RBLM]","PZ01","PALEMBANG","PZ01","P139","SANDY SAPUTRA","-3.004433","104.721742","AU 12P COKE","","","",""
"P576","BOOM BARU/F [BOBR]","PZ01","PALEMBANG","PZ01","P139","SANDY SAPUTRA","-2.977333","104.779607","AU 10P COKE","","","",""
"P598","GASING","PZ01","PALEMBANG","PZ01","P139","SANDY SAPUTRA","-2.882707","104.733159","","","","",""
"P659","LETKOL ISKANDAR RAYA [LIRY]","PZ01","PALEMBANG","PZ01","P139","SANDY SAPUTRA","-2.983883","104.754777","AU 10P COKE","","","",""
"P663","JALAN PERINDUSTRIAN [JPDR]","PZ01","PALEMBANG","PZ01","P139","SANDY SAPUTRA","-2.922242","104.720485","AU 10P COKE","","","",""
"P664","SIMPANG KADES[SPKS]","PZ01","PALEMBANG","PZ01","P139","SANDY SAPUTRA","-2.9135852","104.6906187","AU 10P COKE","","","",""
"P666","WIJAYA KUSUMA [WJKM]","PZ01","PALEMBANG","PZ01","P139","SANDY SAPUTRA","-2.974817","104.742544","AU 10P COKE","","","",""
"P668","TALANG JAMBE 2","PZ01","PALEMBANG","PZ01","P139","SANDY SAPUTRA","-2.886002","104.706383","AC 10P COKE","","","",""
"P669","RAYA VETERAN [RYVT]","PZ01","PALEMBANG","PZ01","P139","SANDY SAPUTRA","-2.975542","104.760040","AC 10P COKE","","","",""
"P681","RAYA ABUSAMAH","PZ01","PALEMBANG","PZ01","P139","SANDY SAPUTRA","-2.9386419849470258","104.74162233062088","AE 8P COKE","","","",""
"P682","SOEKARNO HATTA-PLG","PZ01","PALEMBANG","PZ01","P139","SANDY SAPUTRA","-2.930736","104.704718","AU 8P COKE","","","",""
"P686","RAYA ANGKATAN 45 [AT45]","PZ01","PALEMBANG","PZ01","P139","SANDY SAPUTRA","-2.974784","104.741520","AU 10P COKE","","","",""
"P691","MACAN LINDUNGAN 2","PZ01","PALEMBANG","PZ01","P139","SANDY SAPUTRA","-2.991512","104.708841","AU 10P COKE","","","",""
"P692","SOPIAN GANDUS [SPGS]","PZ01","PALEMBANG","PZ01","P139","SANDY SAPUTRA","-3.006056","104.682456","AU 10P COKE","","","",""
"P693","KARANGJAYA-GANDUS [KRJS]","PZ01","PALEMBANG","PZ01","P139","SANDY SAPUTRA","-3.007106","104.723198","AU 10P COKE","","","",""
"P695","SUKAWINATAN","PZ01","PALEMBANG","PZ01","P139","SANDY SAPUTRA","-2.925025","104.749735","AB 10P COKE","","","",""
"P697","SIMPANG TL. KELAPA","PZ01","PALEMBANG","PZ01","P139","SANDY SAPUTRA","-2.939764","104.688485","AU 10P COKE","","","",""
"P698","SPBU POLIGON [POGN]","PZ01","PALEMBANG","PZ01","P139","SANDY SAPUTRA","-3.006950","104.723234","AU 10P COKE","","","",""
"P699","LINGKARAN DEMPO [LKDP]","PZ01","PALEMBANG","PZ01","P139","SANDY SAPUTRA","-2.980927","104.762779","AU 10P COKE","","","",""
"P706","SEI RAMBANG/F [SIRN]","PZ01","PALEMBANG","PZ01","P139","SANDY SAPUTRA","-2.962321","104.726823","","","","",""
"P708","JENSUD-18 ILIR [JS18]","PZ01","PALEMBANG","PZ01","P139","SANDY SAPUTRA","-2.985648","104.759651","","","","",""
"P709","SUKABANGUN-PLG","PZ01","PALEMBANG","PZ01","P139","SANDY SAPUTRA","-2.929216","104.740707","AE 10P COKE","","","",""
"P715","LUBUK KAWAH","PZ01","PALEMBANG","PZ01","P139","SANDY SAPUTRA","-2.9099458688870072","104.7250284254551","AU 10P COKE","","","",""
"P717","SUKABANGUN 1","PZ01","PALEMBANG","PZ01","P139","SANDY SAPUTRA","-2.9391865","104.7384216","AE 10P COKE","","","",""
"P719","KAMPUNG TL. KELAPA","PZ01","PALEMBANG","PZ01","P139","SANDY SAPUTRA","-2.943871","104.693406","AU 10P COKE","","","",""
"P726","JENSUD-PALEMBANG [JEPA]","PZ01","PALEMBANG","PZ01","P139","SANDY SAPUTRA","-2.982913","104.757855","","","","",""
"P727","JL.PANGERAN AYIN [PAYI]","PZ01","PALEMBANG","PZ01","P139","SANDY SAPUTRA","-2.915952","104.784966","AU 10P COKE","","","",""
"P729","JL.JEPANG","PZ01","PALEMBANG","PZ01","P139","SANDY SAPUTRA","-2.920065","104.698969","AU 10P COKE","","","",""
"P732","LEBUNG PERMAI","PZ01","PALEMBANG","PZ01","P139","SANDY SAPUTRA","-2.956294","104.686585","AU 10P COKE","","","",""
"P733","DEMANG [DEMA]","PZ01","PALEMBANG","PZ01","P139","SANDY SAPUTRA","-2.9632588801905513","104.73610863089561","AU 10P COKE","","","",""
"P734","DWIKORA-PALEMBANG [WIKO]","PZ01","PALEMBANG","PZ01","P139","SANDY SAPUTRA","-2.969827","104.740696","AU 12P COKE","","","",""
"P742","TANJUNG BARANGAN","PZ01","PALEMBANG","PZ01","P139","SANDY SAPUTRA","-2.981563867069781","104.70729039050639","AC 10P COKE","","","",""
"P749","GOTONG ROYONG [GORO]","PZ01","PALEMBANG","PZ01","P139","SANDY SAPUTRA","-2.906207","104.682275","AU 10P COKE","","","",""
"P752","KELAPA HIJAU","PZ01","PALEMBANG","PZ01","P139","SANDY SAPUTRA","-2.945008","104.687060","AC 10P COKE","","","",""
"P757","KARYA BARU [ARRU]","PZ01","PALEMBANG","PZ01","P139","SANDY SAPUTRA","-2.9501","104.70762","","","","",""
"P762","SAKO/F [SAKO]","PZ01","PALEMBANG","PZ01","P139","SANDY SAPUTRA","-2.927540","104.793812","AU 10P COKE","","","",""
"P777","INSPEKTUR MARZUKI 3 [ZUKI]","PZ01","PALEMBANG","PZ01","P139","SANDY SAPUTRA","-2.962137","104.719456","AU 10P COKE","","","",""
"P785","JL.PAPERA [AERA]","PZ01","PALEMBANG","PZ01","P139","SANDY SAPUTRA","-2.973258","104.746922","AU 12P COKE","","","",""
"P792","KENTEN CITY/F [KTCT]","PZ01","PALEMBANG","PZ01","P139","SANDY SAPUTRA","-2.916065","104.768864","AE 8P COKE","","","",""
"P821","MASKAREBET","PZ01","PALEMBANG","PZ01","P139","SANDY SAPUTRA","-2.928461","104.703071","AC 10P COKE","","","",""
"P822","JL. ALANG-ALANG LEBAR","PZ01","PALEMBANG","PZ01","P139","SANDY SAPUTRA","-2.928526","104.681635","","","","",""
"P826","JL.SMB TALANG JAMBE","PZ01","PALEMBANG","PZ01","P139","SANDY SAPUTRA","-2.885172","104.717729","AU 10P COKE","","","",""
"P860","JL DEMANG LEBAR DAUN","PZ01","PALEMBANG","PZ01","P139","SANDY SAPUTRA","-2.980535","104.723962","AU 10P COKE","","","",""
"P863","KOL.DANI EFFENDI","PZ01","PALEMBANG","PZ01","P139","SANDY SAPUTRA","-2.885630","104.693145","AU 12P COKE","","","",""
"P865","KOL.SAI HUSIN","PZ01","PALEMBANG","PZ01","P139","SANDY SAPUTRA","-2.893758","104.681093","AE 10P COKE","","","",""
"P866","KEBUN BUNGA 3","PZ01","PALEMBANG","PZ01","P139","SANDY SAPUTRA","-2.915057740174234","104.71841351129115","AU 10P COKE","","","",""
"P874","SULAIMAN AMIN 2","PZ01","PALEMBANG","PZ01","P139","SANDY SAPUTRA","-2.947182","104.702290","AE 10P COKE","","","",""
"P886","BURLIAN KM. 10[LIAN10]","PZ01","PALEMBANG","PZ01","P139","SANDY SAPUTRA","-2.920152","104.707504","AU 12P COKE","","","",""
"P908","PERJUANGAN","PZ01","PALEMBANG","PZ01","P139","SANDY SAPUTRA","-2.921396","104.753639","AC 12P COKE","","","",""
"P916","PAKJO UJUNG","PZ01","PALEMBANG","PZ01","P139","SANDY SAPUTRA","-2.969025","104.715345","AC 10P COKE","","","",""
"P918","TANJUNG API-API 4","PZ01","PALEMBANG","PZ01","P139","SANDY SAPUTRA","-2.895655","104.725944","AU 12P COKE","","","",""
"P919","MACAN KUMBANG RAYA","PZ01","PALEMBANG","PZ01","P139","SANDY SAPUTRA","-2.974395","104.723043","AU 10P COKE","","","",""
"P920","DEMANG LEBAR DAUN 3","PZ01","PALEMBANG","PZ01","P139","SANDY SAPUTRA","-2.9909443901851773","104.72678351216018","AU 10P COKE","","","",""
"P929","TJ. BARANGAN INDAH","PZ01","PALEMBANG","PZ01","P139","SANDY SAPUTRA","-2.981897","104.713818","AC 10P COKE","","","",""
"P935","TANJUNG BARANGAN 2","PZ01","PALEMBANG","PZ01","P139","SANDY SAPUTRA","-2.978505","104.699949","AC 12P COKE","","","",""
"P956","CITRA GRAND CITY 2","PZ01","PALEMBANG","PZ01","P139","SANDY SAPUTRA","-2.93005539","104.68076435","AC 10P COKE","","","",""
"P964","LETKOL ADRIANSZ [ANSZ]","PZ01","PALEMBANG","PZ01","P139","SANDY SAPUTRA","-2.932808","104.734366","AE 10P COKE","","","",""
"P966","SOPIAN GANDUS 2 [PIAN2]","PZ01","PALEMBANG","PZ01","P139","SANDY SAPUTRA","-3.002769","104.674700","AC 10P COKE","","","",""
"P981","TANJUNG BARANGAN 3","PZ01","PALEMBANG","PZ01","P139","SANDY SAPUTRA","-2.980469","104.703018","AC 10P COKE","","","",""
"P982","TALANG KEPUH","PZ01","PALEMBANG","PZ01","P139","SANDY SAPUTRA","-2.990068","104.692470","AC 12P COKE","","","",""
"P983","KEBUN BUNGA 4 [KNB4]","PZ01","PALEMBANG","PZ01","P139","SANDY SAPUTRA","-2.922254","104.715468","AC 10P COKE","","","",""
"P987","MACAN LINDUNGAN 3","PZ01","PALEMBANG","PZ01","P139","SANDY SAPUTRA","-2.989320","104.717122","AU 10P COKE","","","",""
"P988","PALM HILL","PZ01","PALEMBANG","PZ01","P139","SANDY SAPUTRA","-2.953360","104.687564","AC 12P COKE","","","",""
"P990","BUMI MAS","PZ01","PALEMBANG","PZ01","P139","SANDY SAPUTRA","-2.926798","104.670806","AE 10P COKE","","","",""
"PA02","SUKABANGUN JAYA/F [SKBJY]","PZ01","PALEMBANG","PZ01","P139","SANDY SAPUTRA","-2.94023297","104.73204869","AE 10P COKE","","","",""
"PA19","GANDA SUBRATA 2/F [GDS2]","PZ01","PALEMBANG","PZ01","P139","SANDY SAPUTRA","-2.932436","104.766984","AC 10P COKE","","","",""
"W004","STASIUN MARINDAL [SMDL]","WZ01","MEDAN","WZ01","W361","GALI","3.518528","98.698127","AU 8P COKE","","","",""
"W005","AMALIUN [ALUN]","WZ01","MEDAN","WZ01","W361","GALI","3.575871","98.695456","AU 8P COKE","","","",""
"W008","BRIGJEND KATAMSO [BKAO]","WZ01","MEDAN","WZ01","W361","GALI","3.554688","98.688453","AU 10P COKE","","","",""
"W012","JL. BAJAK II [BJAK]","WZ01","MEDAN","WZ01","W361","GALI","3.535570","98.698417","AU 8P COKE","","","",""
"W015","MEDAN BATANG KUIS [MBKS]","WZ01","MEDAN","WZ01","W361","GALI","3.598409","98.755332","AU 10P COKE","","","",""
"W017","MEDAN AREA SELATAN [MAST]","WZ01","MEDAN","WZ01","W361","GALI","3.577983","98.702001","AU 10P COKE","","","",""
"W018","BK PASAR VII [BKP7]","WZ01","MEDAN","WZ01","W361","GALI","3.546409","98.784620","AU 10P COKE","","","",""
"W023","GARUDA RAYA [GUDR]","WZ01","MEDAN","WZ01","W361","GALI","3.586761","98.730075","AU 8P COKE","","","",""
"W028","IBRAHIM UMAR [IUMR]","WZ01","MEDAN","WZ01","W361","GALI","3.602668","98.695735","AU 8P COKE","","","",""
"W029","PANTAI LABU [PLBU]","WZ01","MEDAN","WZ01","W361","GALI","3.603931","98.888700","AU 8P COKE","","","",""
"W034","MH. THAMRIN [MTHI]","WZ01","MEDAN","WZ01","W361","GALI","3.557451","98.868032","AU 10P COKE","","","",""
"W036","MUCHTAR BASRI [MCBI]","WZ01","MEDAN","WZ01","W361","GALI","3.615266","98.676484","","","","",""
"W038","KARYA [KAYA]","WZ01","MEDAN","WZ01","W361","GALI","3.615694","98.665852","AU 8P COKE","","","",""
"W042","UTAMA BATANG KUIS [UBKS]","WZ01","MEDAN","WZ01","W361","GALI","3.612535","98.800229","AC 8P COKE","","","",""
"W044","GALANG [GLAG]","WZ01","MEDAN","WZ01","W361","GALI","3.545298","98.880035","AU 8P COKE","","","",""
"W045","LIMAU MUNGKUR [LMKU]","WZ01","MEDAN","WZ01","W361","GALI","3.510688","98.795024","AU 10P COKE","","","",""
"W046","SUTRISNO [SUTO]","WZ01","MEDAN","WZ01","W361","GALI","3.582351","98.699603","AU 10P COKE","","","",""
"W049","BERINGIN PASAR VII [BPS7]","WZ01","MEDAN","WZ01","W361","GALI","3.591079","98.742032","AU 8P COKE","","","",""
"W050","KARYA 2 [KAR2]","WZ01","MEDAN","WZ01","W361","GALI","3.602728","98.664937","","","","",""
"W051","M. YAKUB LUBIS [MYLS]","WZ01","MEDAN","WZ01","W361","GALI","3.611441","98.748029","AU 10P COKE","","","",""
"W066","BANDAR LABUAN [BLBU]","WZ01","MEDAN","WZ01","W361","GALI","3.500671","98.780961","AU 8P COKE","","","",""
"W067","SIMPANG SOSRO [SSRO]","WZ01","MEDAN","WZ01","W361","GALI","3.597251","98.722167","AU 10P COKE","","","",""
"W068","STASIUN MEDAN [STMD]","WZ01","MEDAN","WZ01","W361","GALI","3.590594","98.679871","AC 6P COKE","","","",""
"W070","MARINDAL 2 [MDA2]","WZ01","MEDAN","WZ01","W361","GALI","3.526659","98.698369","AU 10P COKE","","","",""
"W073","M. YAKUB LUBIS 2 [MYL2]","WZ01","MEDAN","WZ01","W361","GALI","3.619156","98.748328","AU 10P COKE","","","",""
"W076","AYAHANDA [AYHD]","WZ01","MEDAN","WZ01","W361","GALI","3.597354","98.653606","AC 10P COKE","","","",""
"W077","LIMAU MANIS [LMNS]","WZ01","MEDAN","WZ01","W361","GALI","3.506308","98.769934","AU 8P COKE","","","",""
"W078","HM YAMIN [HMYM]","WZ01","MEDAN","WZ01","W361","GALI","3.598161","98.701750","AU 10P COKE","","","",""
"W080","CEMARA ASRI [CMAS]","WZ01","MEDAN","WZ01","W361","GALI","3.631719","98.697182","AU 8P COKE","","","",""
"W086","MENTENG 2 [MNTE]","WZ01","MEDAN","WZ01","W361","GALI","3.555167","98.716862","AU 8P COKE","","","",""
"W087","PELAJAR [PLJR]","WZ01","MEDAN","WZ01","W361","GALI","3.564890","98.702482","AU 10P COKE","","","",""
"W094","DAHLAN TANJUNG [DLTJ]","WZ01","MEDAN","WZ01","W361","GALI","3.519487","98.787889","AU 10P COKE","","","",""
"W095","BILAL [BILL]","WZ01","MEDAN","WZ01","W361","GALI","3.622887","98.679794","","","","",""
"W099","GAHARU [GHRU]","WZ01","MEDAN","WZ01","W361","GALI","3.603410","98.676769","AU 12P COKE","","","",""
"W101","HM JONI [HMJN]","WZ01","MEDAN","WZ01","W361","GALI","3.568709","98.696900","AU 10P COKE","","","",""
"W105","M NAWI HARAHAP [MWHP]","WZ01","MEDAN","WZ01","W361","GALI","3.552442","98.710937","AU 10P COKE","","","",""
"W112","SM RAJA [SMRA]","WZ01","MEDAN","WZ01","W361","GALI","3.532268","98.739733","AU 10P COKE","","","",""
"W116","BALAI DESA [BLDS]","WZ01","MEDAN","WZ01","W361","GALI","3.533721","98.722168","AU 10P COKE","","","",""
"W121","TAMORA [TMRA]","WZ01","MEDAN","WZ01","W361","GALI","3.524607","98.774797","AU 10P COKE","","","",""
"W122","BRIGJEND KATAMSO 2 [BRKT]","WZ01","MEDAN","WZ01","W361","GALI","3.558925","98.688899","AC 8P COKE","","","",""
"W134","WAHIDIN [WADN]","WZ01","MEDAN","WZ01","W361","GALI","3.587765","98.694972","AU 8P COKE","","","",""
"W140","S. PARMAN [SAAN]","WZ01","MEDAN","WZ01","W361","GALI","3.589518","98.668463","AC 10P COKE","","","",""
"W142","TAMORA 2 [TMOR]","WZ01","MEDAN","WZ01","W361","GALI","3.530917","98.799326","AU 10P COKE","","","",""
"W144","METEOROLOGI [MTRL]","WZ01","MEDAN","WZ01","W361","GALI","3.621950","98.709539","AU 12P COKE","","","",""
"W146","BESAR TEMBUNG 3 [BSTB]","WZ01","MEDAN","WZ01","W361","GALI","3.591266","98.756099","AU 10P COKE","","","",""
"W147","RAYA MENTENG [RYMG]","WZ01","MEDAN","WZ01","W361","GALI","3.568266","98.719728","AU 8P COKE","","","",""
"W148","CEMARA HIJAU [CRHJ]","WZ01","MEDAN","WZ01","W361","GALI","3.640204","98.696666","","","","",""
"W157","JAPARIS/F [JPRI]","WZ01","MEDAN","WZ01","W361","GALI","3.579677","98.697739","AU 8P COKE","","","",""
"W159","TANJUNG GARBUS [TJGS]","WZ01","MEDAN","WZ01","W361","GALI","3.548250","98.865292","","","","",""
"W162","HOTEL CORDELA [HTCL]","WZ01","MEDAN","WZ01","W361","GALI","3.596593","98.686912","","","","",""
"W165","SEI ROTAN [SIRT]","WZ01","MEDAN","WZ01","W361","GALI","3.607096","98.783548","AU 8P COKE","","","",""
"W169","SM RAJA 2 [SGRJ]","WZ01","MEDAN","WZ01","W361","GALI","3.543660","98.698770","AC 10P COKE","","","",""
"W172","RAKYAT [RKYA]","WZ01","MEDAN","WZ01","W361","GALI","3.609363","98.691215","AU 8P COKE","","","",""
"W178","PANGLIMA DENAI 2 [PGLD]","WZ01","MEDAN","WZ01","W361","GALI","3.547052","98.716935","AU 10P COKE","","","",""
"W178","PANGLIMA DENAI 2 [PGLD]","WZ01","MEDAN","WZ01","W361","GALI","3.547052","98.716935","AU 10P COKE","","","",""
"W181","MANDALA BY PASS [MDBS]","WZ01","MEDAN","WZ01","W361","GALI","3.594008","98.711752","AU 10P COKE","","","",""
"W185","AR HAKIM 2 [ARKI]","WZ01","MEDAN","WZ01","W361","GALI","3.578528","98.703623","AU 10P COKE","","","",""
"W200","LETDA SUJONO [LSJO]","WZ01","MEDAN","WZ01","W361","GALI","3.597803","98.715722","AU 12P COKE","","","",""
"W202","DENAI [DNEI]","WZ01","MEDAN","WZ01","W361","GALI","3.581753","98.709838","AC 10P COKE","","","",""
"W206","GALANG 2 [GLAN]","WZ01","MEDAN","WZ01","W361","GALI","3.428930","98.901379","AC 10P COKE","","","",""
"W212","BAMBU 2 [BAMU]","WZ01","MEDAN","WZ01","W361","GALI","3.604412","98.681863","AU 10P COKE","","","",""
"W213","JL. GARU II/F [JGRU]","WZ01","MEDAN","WZ01","W361","GALI","3.545800","98.701250","AC 8P COKE","","","",""
"W218","SM RAJA 4 [SAMJ]","WZ01","MEDAN","WZ01","W361","GALI","3.538743","98.702782","AU 12P COKE","","","",""
"W221","LAKSANA [LASA]","WZ01","MEDAN","WZ01","W361","GALI","3.573914","98.690853","AC 10P COKE","","","",""
"W235","SEI BLUMEI [SIBM]","WZ01","MEDAN","WZ01","W361","GALI","3.555168","98.716860","AU 8P COKE","","","",""
"W244","MEDAN - LUBUK PAKAM [MNLB]","WZ01","MEDAN","WZ01","W361","GALI","3.552204","98.854481","AU 10P COKE","","","",""
"W247","LAU DENDANG [LUDD]","WZ01","MEDAN","WZ01","W361","GALI","3.620284","98.735305","AU 8P COKE","","","",""
"W261","CEMARA ASRI 2 [CMRS]","WZ01","MEDAN","WZ01","W361","GALI","3.636879","98.699785","AU 10P COKE","","","",""
"W277","ASIA [ASII]","WZ01","MEDAN","WZ01","W361","GALI","3.586274","98.699568","AU 10P COKE","","","",""
"W297","PERTAHANAN 2 [PTHH]","WZ01","MEDAN","WZ01","W361","GALI","3.522732","98.718089","AC 8P COKE","","","",""
"W312","BAKARAN BATU [BNBU]","WZ01","MEDAN","WZ01","W361","GALI","3.564754","98.873166","AU 10P COKE","","","",""
"W313","GARUDA RAYA 2 [GARY]","WZ01","MEDAN","WZ01","W361","GALI","3.637618","98.777324","AU 10P COKE","","","",""
"W318","JL. RS HAJI[RSHJ]","WZ01","MEDAN","WZ01","W361","GALI","3.614307","98.714311","AC 10P COKE","","","",""
"W320","GALANG 3 [GLG3]","WZ01","MEDAN","WZ01","W361","GALI","3.511596","98.902386","AU 8P COKE","","","",""
"W322","MEDAN TENGGARA/F [MTGG]","WZ01","MEDAN","WZ01","W361","GALI","3.560729","98.720096","","","","",""
"W326","HARJOSARI [HJSI]","WZ01","MEDAN","WZ01","W361","GALI","3.544142","98.698755","AU 10P COKE","","","",""
"W329","SITIREJO [STRO]","WZ01","MEDAN","WZ01","W361","GALI","3.549830","98.698770","AU 10P COKE","","","",""
"W334","DAGANG KERAWAN [DGKN]","WZ01","MEDAN","WZ01","W361","GALI","3.509296","98.787413","AU 10P COKE","","","",""
"W335","TELAGA SARI [TLSI]","WZ01","MEDAN","WZ01","W361","GALI","3.549150","98.785074","AU 10P COKE","","","",""
"W337","INDUSTRI RAYA [IDRA]","WZ01","MEDAN","WZ01","W361","GALI","3.518560","98.799862","AU 12P COKE","","","",""
"W339","PERINTIS [PETS]","WZ01","MEDAN","WZ01","W361","GALI","3.601271","98.691339","AU 8P COKE","","","",""
"W343","HM JONI RAYA [HMJR]","WZ01","MEDAN","WZ01","W361","GALI","3.568417","98.702627","AU 10P COKE","","","",""
"W346","MEDAN KOTA [MDNK]","WZ01","MEDAN","WZ01","W361","GALI","3.556078","98.694903","AC 10P COKE","","","",""
"W348","MARENDAL DUSUN TUJUH [MLDT]","WZ01","MEDAN","WZ01","W361","GALI","3.508935","98.698279","AU 12P COKE","","","",""
"W349","JAHARUN [JAHA]","WZ01","MEDAN","WZ01","W361","GALI","","","","","","",""
"W350","GAJAH MADA [MADA]","WZ01","MEDAN","WZ01","W361","GALI","3.584641","98.658062","","","","",""
"W353","TUMPATAN NIBUNG [TTNG]","WZ01","MEDAN","WZ01","W361","GALI","3.579155","98.802013","AU 8P COKE","","","",""
"W361","AEK PANCUR [APCR]","WZ01","MEDAN","WZ01","W361","GALI","3.504741","98.790683","AU 12P COKE","","","",""
"W367","MENTENG INDAH RAYA [MIDR]","WZ01","MEDAN","WZ01","W361","GALI","3.552150","98.715246","AU 8P COKE","","","",""
"W367","MENTENG INDAH RAYA [MIDR]","WZ01","MEDAN","WZ01","W361","GALI","3.552150","98.715246","AU 8P COKE","","","",""
"W373","KEBUN KELAPA [KBKP]","WZ01","MEDAN","WZ01","W361","GALI","3.601382","98.860587","AU 12P COKE","","","",""
"W377","RAYA LIMAU MANIS [RLMS]","WZ01","MEDAN","WZ01","W361","GALI","3.516871","98.775245","AU 12P COKE","","","",""
"W379","SEKIP [SKPP]","WZ01","MEDAN","WZ01","W361","GALI","3.594821","98.666280","AU 10P COKE","","","",""
"W383","JL RELA [JRLA]","WZ01","MEDAN","WZ01","W361","GALI","3.606785","98.703046","AU 10P COKE","","","",""
"W395","CINTA RAKYAT [CTRT]","WZ01","MEDAN","WZ01","W361","GALI","3.679604","98.751175","AC 8P COKE","","","",""
"W401","BUSTAMAM [BTMM]","WZ01","MEDAN","WZ01","W361","GALI","3.607199","98.753296","AU 10P COKE","","","",""
"W403","GALANG KOTA [GLKT]","WZ01","MEDAN","WZ01","W361","GALI","3.434451","98.898273","AU 10P COKE","","","",""
"W414","WONOSARI [WOSR]","WZ01","MEDAN","WZ01","W361","GALI","3.547661","98.816287","AU 10P COKE","","","",""
"W418","PENDIDIKAN [PDDK]","WZ01","MEDAN","WZ01","W361","GALI","3.620358","98.750249","AU 8P COKE","","","",""
"W429","TEMPULING 2 [TPLG]","WZ01","MEDAN","WZ01","W361","GALI","3.616502","98.696173","AU 10P COKE","","","",""
"W432","SIDOMULYO [SDML]","WZ01","MEDAN","WZ01","W361","GALI","3.602207","98.759560","AU 10P COKE","","","",""
"W434","BHAYANGKARA [BKAR]","WZ01","MEDAN","WZ01","W361","GALI","3.622071","98.705550","AU 10P COKE","","","",""
"W441","PAGAR MERBAU [PGMU]","WZ01","MEDAN","WZ01","W361","GALI","3.518047","98.895766","AC 10P COKE","","","",""
"W443","DELIMA BERINGIN [DLBI]","WZ01","MEDAN","WZ01","W361","GALI","3.622825","98.888770","AU 10P COKE","","","",""
"W470","GARUDA MANDALA [GUMD]","WZ01","MEDAN","WZ01","W361","GALI","3.587446","98.734242","AU 10P COKE","","","",""
"W472","KAPTEN SIHOMBING [KTSB]","WZ01","MEDAN","WZ01","W361","GALI","3.613660","98.729206","AU 8P COKE","","","",""
"W480","BT KUIS TANJUNG SARI [BKTS]","WZ01","MEDAN","WZ01","W361","GALI","3.611997","98.811239","AU 10P COKE","","","",""
"W480","BT KUIS TANJUNG SARI [BKTS]","WZ01","MEDAN","WZ01","W361","GALI","3.611997","98.811239","AU 10P COKE","","","",""
"W491","SUDIRMAN PAKAM [SRPM]","WZ01","MEDAN","WZ01","W361","GALI","3.559148","98.861277","AC 10P COKE","","","",""
"W492","PENARA PAKAM [PNPA]","WZ01","MEDAN","WZ01","W361","GALI","3.553047","98.841229","AC 8P COKE","","","",""
"W496","BANGUN SARI [BAGS]","WZ01","MEDAN","WZ01","W361","GALI","3.530457","98.750628","AU 12P COKE","","","",""
"W503","PERHUBUNGAN RAYA [PUNR]","WZ01","MEDAN","WZ01","W361","GALI","3.620052","98.740783","AU 10P COKE","","","",""
"W504","JALAN SEKIP MEDAN [JSPM]","WZ01","MEDAN","WZ01","W361","GALI","3.599840","98.662736","AC 10P COKE","","","",""
"W526","PASAR MELINTANG[PRMG]","WZ01","MEDAN","WZ01","W361","GALI","3.540071","98.882607","AU 10P COKE","","","",""
"W530","WILLIEM ISKANDAR/F [WILS]","WZ01","MEDAN","WZ01","W361","GALI","3.609646","98.706906","AU 10P COKE","","","",""
"W532","JALAN YOS SUDARSO [JLSD]","WZ01","MEDAN","WZ01","W361","GALI","3.621953","98.670274","AU 10P COKE","","","",""
"W541","KARYA CILINCING [KRCN]","WZ01","MEDAN","WZ01","W361","GALI","3.620707","98.665092","AU 10P COKE","","","",""
"W561","DESA KOLAM [DSKL]","WZ01","MEDAN","WZ01","W361","GALI","3.637574","98.777282","AC 10P COKE","","","",""
"W562","BANDAR SETIA [BDRS]","WZ01","MEDAN","WZ01","W361","GALI","3.620431","98.746051","AC 10P COKE","","","",""
"W563","JAHARUN A [JHRA]","WZ01","MEDAN","WZ01","W361","GALI","3.456452","98.878941","AU 10P COKE","","","",""
"W585","BRIGHT MERAK JINGGA [BRMJ]","WZ01","MEDAN","WZ01","W361","GALI","3.595182","98.675957","","","","",""
"W590","BRIGHT YOS SUDARSO [BRYD]","WZ01","MEDAN","WZ01","W361","GALI","3.560192","98.689375","","","","",""
"W597","PUSAKA PSR XI [PUKP]","WZ01","MEDAN","WZ01","W361","GALI","3.613470","98.761978","AU 12P COKE","","","",""
"W667","PANCING [PNCG]","WZ01","MEDAN","WZ01","W361","GALI","3.620153","98.707639","AC 10P COKE","","","",""
"W677","PERTAHANAN MD AMPLAS [PHMP]","WZ01","MEDAN","WZ01","W361","GALI","3.533345","98.718432","AC 12P COKE","","","",""
"W705","RUMBIA","WZ01","MEDAN","WZ01","W361","GALI","3.611776","98.817529","AC 12P COKE","","","",""
"W708","BRIGHT SPBU TJ MULIA [BTJM]","WZ01","MEDAN","WZ01","W361","GALI","3.636181","98.666563","AC 10P COKE","","","",""
"W709","TERUSAN [TESN]","WZ01","MEDAN","WZ01","W361","GALI","3.637959","98.752433","AC 12P COKE","","","",""
"W710","CEMARA PAKAM [CRPM]","WZ01","MEDAN","WZ01","W361","GALI","3.556695","98.885203","AC 10P COKE","","","",""
"W712","JALAN SLAMAT KETAREN [JSTN]","WZ01","MEDAN","WZ01","W361","GALI","3.601484","98.711849","AC 10P COKE","","","",""
"W713","SIMPANG JERMAL [SJRM]","WZ01","MEDAN","WZ01","W361","GALI","3.574112","98.725828","AC 12P COKE","","","",""
"W714","SIGARA-GARA [SGGR]","WZ01","MEDAN","WZ01","W361","GALI","3.490061","98.711764","AC 10P COKE","","","",""